URL,DSLD ID,Product Name,Other Ingredients
https://dsld.od.nih.gov/label/542,542,B-2 100 mg,Dicalcium Phosphate; Vegetable Cellulose; Croscarmellose; Vegetable Magnesium Stearate; Silica; Vegetable Cellulose Coating
https://dsld.od.nih.gov/label/545,545,Niacin 250 mg,Dicalcium Phosphate; Vegetable Cellulose; Croscarmellose; Stearic Acid (C18:0); Vegetable Magnesium Stearate; Vegetable Cellulose Coating
https://dsld.od.nih.gov/label/546,546,Niacinamide 500 mg,Vegetable Cellulose; Dicalcium Phosphate; Stearic Acid (C18:0); Contains <2% of (Silica; Vegetable Magnesium Stearate)
https://dsld.od.nih.gov/label/550,550,E-Oil,Soybean Oil; Corn Oil; Sesame Oil; Wheat Germ Oil; Lemon Oil
https://dsld.od.nih.gov/label/565,565,B-6 50 mg,Dicalcium Phosphate; Vegetable Cellulose; Croscarmellose; Stearic Acid (C18:0); Silica; Vegetable Magnesium Stearate
https://dsld.od.nih.gov/label/566,566,B-12 100 mcg,Dicalcium Phosphate; Vegetable Cellulose; Mannitol; Silica; Vegetable Magnesium Stearate
https://dsld.od.nih.gov/label/567,567,Beta-Carotene Provitamin A 25000 IU,Soybean Oil; Gelatin; Vegetable Glycerin; yellow Beeswax; Soy Lecithin
https://dsld.od.nih.gov/label/568,568,Complete B Complex,Dicalcium Phosphate; Vegetable Cellulose; Croscarmellose; Silica; Calcium Silicate; Vegetable Magnesium Stearate; Vegetable Cellulose Coating; Maltodextrin; Mannitol
https://dsld.od.nih.gov/label/573,573,B-12 500 mcg,Dicalcium Phosphate; Vegetable Cellulose; Stearic Acid (C18:0); Silica; Vegetable Magnesium Stearate
https://dsld.od.nih.gov/label/574,574,Timed Release B-12 1000 mcg,Dicalcium Phosphate; Mannitol; Vegetable Cellulose; Hypromellose; Stearic Acid (C18:0); Silica; Vegetable Magnesium Stearate
https://dsld.od.nih.gov/label/582,582,Niacin 100 mg,Dicalcium Phosphate; Vegetable Cellulose; Croscarmellose; Stearic Acid (C18:0); Silica; Vegetable Magnesium Stearate; Vegetable Cellulose Coating
https://dsld.od.nih.gov/label/584,584,Beta-Carotene Provitamin A 10000 IU,Soybean Oil; Gelatin; Vegetable Glycerin; yellow Beeswax; Soy Lecithin
https://dsld.od.nih.gov/label/590,590,B-1 100 mg,Dicalcium Phosphate; Vegetable Cellulose; Stearic Acid (C18:0); Silica; Vegetable Magnesium Stearate
https://dsld.od.nih.gov/label/602,602,Timed Release B-12 1500 mg,Dicalcium Phosphate; Vegetable Cellulose; Stearic Acid (C18:0); Contains <2% of (Silica; Vegetable Magnesium Stearate)
https://dsld.od.nih.gov/label/686,686,Vitamin B-12 1500,Dicalcium Phosphate; Gelatin
https://dsld.od.nih.gov/label/843,843,Vitamin K-2,Soybean Oil; Gelatin; Glycerin; Caramel color; Titanium Dioxide
https://dsld.od.nih.gov/label/875,875,Vitamin K 100 mcg,Dicalcium Phosphate; Vegetable Cellulose; Stearic Acid (C18:0); Vegetable Magnesium Stearate
https://dsld.od.nih.gov/label/878,878,Pure Vitamin C Crystals 5000 mg,Ascorbic Acid
https://dsld.od.nih.gov/label/915,915,Inositol Powder,
https://dsld.od.nih.gov/label/928,928,Choline Bitartrate Inositol 500 mg,Vegetable Cellulose; Calcium Silicate; Stearic Acid (C18:0); Croscarmellose; Vegetable Magnesium Stearate; Vegetable Cellulose Coating
https://dsld.od.nih.gov/label/957,957,Natural E 400,Calcium Sulfate (Ca Sulfate); Gelatin
https://dsld.od.nih.gov/label/969,969,Vitamin B-12 1000,Dicalcium Phosphate; Cellulose; whole Brown Rice powder
https://dsld.od.nih.gov/label/1009,1009,B-12 1000 Cherry Flavor,Sorbitol; Mannitol; Natural and Artificial Cherry Flavor; Sucralose
https://dsld.od.nih.gov/label/1010,1010,B-12 1000 Cherry Flavor,Sorbitol; Mannitol; Natural and Artificial Cherry Flavor; Sucralose
https://dsld.od.nih.gov/label/1011,1011,B-12 1000 Cherry Flavor,Sorbitol; Mannitol; Natural and Artificial Cherry Flavor; Sucralose
https://dsld.od.nih.gov/label/1043,1043,B-12 5000 ZipMelt,Mannitol; Natural and Artificial Cherry Flavor; Sucralose
https://dsld.od.nih.gov/label/1046,1046,Vitamin D-3 800,Dicalcium Phosphate; Cellulose
https://dsld.od.nih.gov/label/1070,1070,Vitamin C 500,Cellulose
https://dsld.od.nih.gov/label/1096,1096,High Potency Vitamin C 500 mg,Vegetable Cellulose; Stearic Acid (C18:0); Vegetable Magnesium Stearate; Silica
https://dsld.od.nih.gov/label/1108,1108,Beta-Carotene 25000 IU,Soybean Oil; Gelatin; Vegetable Glycerin; yellow Beeswax; Soy Lecithin
https://dsld.od.nih.gov/label/1109,1109,Vitamin E 1000 IU,Gelatin; Vegetable Glycerin; Soybean Oil
https://dsld.od.nih.gov/label/1171,1171,100% Natural E-1000 IU,Gelatin; Vegetable Glycerin; Soybean Oil
https://dsld.od.nih.gov/label/1199,1199,Liquid Vitamin C With Wild Rose Hips,purified Water; Sucrose; Glycerin; Sorbitol; Propylene Glycol; Ascorbic Acid; Rose Hips; natural Lime flavor; Methylparaben; Propylparaben
https://dsld.od.nih.gov/label/1200,1200,Biotin 300 mcg,Dicalcium Phosphate; Vegetable Cellulose; Stearic Acid (C18:0); Croscarmellose; Silica; Vegetable Magnesium Stearate
https://dsld.od.nih.gov/label/1311,1311,Sunvite Vitamin D3 10000 IU,Safflower Oil; Gelatin; Vegetable Glycerin
https://dsld.od.nih.gov/label/1342,1342,High Potency Biotin 5 mg,Cellulose; Cellulose; Silica; Magnesium Stearate
https://dsld.od.nih.gov/label/1365,1365,Vitamin A 10000,Soybean Oil; Gelatin; Glycerin
https://dsld.od.nih.gov/label/1368,1368,Vitamin A & D-3,Soybean Oil; Gelatin; Glycerin
https://dsld.od.nih.gov/label/1370,1370,Cod Liver Oil,Soybean Oil; Gelatin; Glycerin
https://dsld.od.nih.gov/label/1377,1377,Vitamin B-12 1000,Dicalcium Phosphate; Cellulose; Vegetable Stearate; Food Glaze; whole Brown Rice powder
https://dsld.od.nih.gov/label/1399,1399,Natural Ultra E 1000,Gelatin; Soybean Oil; Glycerin; Caramel color; Titanium Dioxide
https://dsld.od.nih.gov/label/1400,1400,Natural E 400,Soybean Oil; Gelatin; Glycerin
https://dsld.od.nih.gov/label/1401,1401,Natural E 400,Soybean Oil; Gelatin; Glycerin
https://dsld.od.nih.gov/label/1402,1402,Natural E 400,Soybean Oil; Gelatin; Glycerin
https://dsld.od.nih.gov/label/1404,1404,Natural E 200,Gelatin; Soybean Oil; Glycerin
https://dsld.od.nih.gov/label/1406,1406,Natural E 1000,Gelatin; Soybean Oil; Glycerin
https://dsld.od.nih.gov/label/1407,1407,Natural E 1000,Soybean Oil; Gelatin; Glycerin
https://dsld.od.nih.gov/label/1416,1416,Vitamin K 100,Dicalcium Phosphate; Cellulose
https://dsld.od.nih.gov/label/1417,1417,Vitamin E 400,Gelatin; Glycerin
https://dsld.od.nih.gov/label/1418,1418,Vitamin C 1000 With Rose Hips,Cellulose; Vegetable Acetoglycerides; Rose Hips powder
https://dsld.od.nih.gov/label/1419,1419,Vitamin C 1000 With Rose Hips,Cellulose; Vegetable Acetoglycerides; Rose Hips powder
https://dsld.od.nih.gov/label/1420,1420,Vitamin B-12 500,Dextrose; Dicalcium Phosphate; whole Brown Rice powder
https://dsld.od.nih.gov/label/1421,1421,Vitamin B-12 500,Dextrose; Dicalcium Phosphate; whole Brown Rice powder
https://dsld.od.nih.gov/label/1422,1422,Vitamin C 500,Cellulose; Dicalcium Phosphate; Rose Hips; Vegetable Acetoglycerides
https://dsld.od.nih.gov/label/1423,1423,Vitamin C 500,Cellulose; Dicalcium Phosphate; Rose Hips; Vegetable Acetoglycerides
https://dsld.od.nih.gov/label/1424,1424,Vitamin C 500,Cellulose; Dicalcium Phosphate; Rose Hips; Vegetable Acetoglycerides
https://dsld.od.nih.gov/label/1425,1425,Beta-Carotene 15,Soybean Oil; Gelatin; Partially Hydrogenated Corn Oil; Glycerin
https://dsld.od.nih.gov/label/1435,1435,Biotin 600,Dicalcium Phosphate; Cellulose
https://dsld.od.nih.gov/label/1444,1444,Ester-E 400 IU,Gelatin; Soybean Oil; Vegetable Glycerin
https://dsld.od.nih.gov/label/1486,1486,Ultra Biotin 7500 mcg,Dicalcium Phosphate; Vegetable Cellulose; Stearic Acid (C18:0); Vegetable Magnesium Stearate
https://dsld.od.nih.gov/label/1487,1487,Ultra Biotin 7500 mcg,Dicalcium Phosphate; Vegetable Cellulose; Stearic Acid (C18:0); Vegetable Magnesium Stearate
https://dsld.od.nih.gov/label/1488,1488,Niacin 500 mg,Vegetable Cellulose; Dicalcium Phosphate; Croscarmellose; Stearic Acid (C18:0); Silica; Vegetable Magnesium Stearate; Vegetable Cellulose Coating
https://dsld.od.nih.gov/label/1603,1603,Maxi Baby Care Liquid Natural Raspberry Flavor,purified Water; Glycerin; Fructose; mixed fruit concentrate (Peach; Pear; Pineapple); Citric Acid; natural Raspberry flavor; Xanthan Gum; Potassium Sorbate; Sodium Benzoate
https://dsld.od.nih.gov/label/1607,1607,Natural VItamin E 400 IU,Gelatin; Glycerin; purified Water; Soybean Oil
https://dsld.od.nih.gov/label/1622,1622,B12 Strips 2000 mcg Winter Berry,Hydroxypropyl Methyl Cellulose; Glycerin; Stevia; modified Starch; Natural flavor; Gum Arabic; Sodium Carboxy Methyl Cellulose; Polysorbate 80; Menthol
https://dsld.od.nih.gov/label/1631,1631,Liquid B-Complex Natural Orange Flavor,purified Water; Glycerin; Citric Acid; Sodium Acid Sulfate; Natural Flavors; Sucralose; Gum Blend (modified Acacia Gum; Xanthan Gum); Potassium Sorbate; Sodium Hexametaphosphate; Sodium Benzoate; Acesulfame Potassium
https://dsld.od.nih.gov/label/1632,1632,Liquid Vitamin B-12 Natural Cherry Flavor,purified Water; Glycerin; Natural flavor; Potassium Sorbate; Sodium Hexametaphosphate; Citric Acid; Sodium Benzoate; Xanthan Gum; Sucralose; Acesulfame Potassium
https://dsld.od.nih.gov/label/1663,1663,B-12 5000 mcg,Mannitol; Artificial flavor; Stearic Acid (C18:0); Croscarmellose Sodium; Magnesium Stearate
https://dsld.od.nih.gov/label/1749,1749,Vitamin D 2000 IU,Softgel (Gelatin; Glycerin; Water); Soybean Oil
https://dsld.od.nih.gov/label/1870,1870,C-Ester Ascorbyl Palmitate 500 mg,Vegetable Cellulose; Gelatin; Contains <2% of (Silica; Vegetable Magnesium Stearate)
https://dsld.od.nih.gov/label/2171,2171,Healthy Heart Essentials,Gelatin; Soybean Oil; Glycerin; Water
https://dsld.od.nih.gov/label/2203,2203,Vitamin E Adult Gummy Vitamins,Glucose Syrup; Sucrose; Gelatin; Natural Flavors; Citric Acid; Lactic Acid; colors (Annatto extract; Blueberry juice; Carrot; Turmeric); fractionated Coconut Oil; Beeswax
https://dsld.od.nih.gov/label/2534,2534,Vitamin D3 5000 IU,Rice Flour; Gelatin; Magnesium Stearate; Silica
https://dsld.od.nih.gov/label/2948,2948,High Gamma Tocopherol 200 mg With Vitamin E,Gelatin; Glycerin; non-GMO Soybean Oil
https://dsld.od.nih.gov/label/2969,2969,Vitamin A 25000 IU,Soybean Oil; Gelatin; Glycerin; yellow Beeswax; Soy Lecithin
https://dsld.od.nih.gov/label/3030,3030,Biotin 5000 mcg,Calcium Carbonate (Ca Carbonate; CaCO3); Gelatin; Silica; Vegetable Magnesium Stearate
https://dsld.od.nih.gov/label/3040,3040,Vitamin C 500 mg,Cellulose; Croscarmellose; Stearic Acid (C18:0); Cellulose Coating; Silica; Vegetable Magnesium Stearate
https://dsld.od.nih.gov/label/3041,3041,Vitamin C 500 mg,Cellulose; Croscarmellose; Stearic Acid (C18:0); Cellulose Coating; Silica; Vegetable Magnesium Stearate
https://dsld.od.nih.gov/label/3042,3042,Biotin 1000 mcg,Dicalcium Phosphate; Cellulose; Stearic Acid (C18:0); Cellulose Coating; Vegetable Magnesium Stearate
https://dsld.od.nih.gov/label/3071,3071,Vitamin D3 1000 IU,Dicalcium Phosphate; Microcrystalline Cellulose; Silicon Dioxide (SiO2); Magnesium Stearate; Croscarmellose Sodium
https://dsld.od.nih.gov/label/3136,3136,Organic Vitamin C 120 mg,organic Rice Bran concentrate; organic Acacia Gum
https://dsld.od.nih.gov/label/3198,3198,Riboflavin,Kosher Certified Capsules (Gelatin; Water)
https://dsld.od.nih.gov/label/3241,3241,Vitamin D 1000 IU,Rice Bran Oil; Gelatin; Glycerin; purified Water
https://dsld.od.nih.gov/label/3277,3277,Advanced Beta-Carotene (Vitamin A) 25000 IU,Soybean Oil; Gelatin; Vegetable Oil; Glycerin; purified Water; yellow Beeswax
https://dsld.od.nih.gov/label/3318,3318,Multiple Vitamin Formula,Dicalcium Phosphate; Microcrystalline Cellulose; Stearic Acid (C18:0); Magnesium Stearate; Hypromellose; Magnesium Silicate; FD&C Red #40 Lake; Polyethylene Glycol; Titanium Dioxide; Mineral Oil
https://dsld.od.nih.gov/label/3558,3558,Niacinamide,Dicalcium Phosphate; Cellulose; Whole Brown Rice
https://dsld.od.nih.gov/label/3572,3572,Liquid Kid's Companion,purified Water; Brown Rice syrup; Glycerin; Natural Flavors (Cherry; Mixed Berry; Raspberry; Vanilla); Citric Acid; Ultra Green(R) Foods Concentrate (Alfalfa; Anise; Chamomile; Equisetum; Green Tea; Hesperidin; Licorice; Millefolium; Nettles; Peppermint; Plantago; Spinach); Xanthan Gum; Sodium Benzoate
https://dsld.od.nih.gov/label/3758,3758,Maximum Strength Folic Acid 800 mcg,Dicalcium Phosphate; Vegetable Cellulose; Stearic Acid (C18:0); Contains <2% of (Silica; Vegetable Magnesium Stearate)
https://dsld.od.nih.gov/label/4103,4103,B-12 1500 mcg,Dicalcium Phosphate; Vegetable Cellulose; Stearic Acid (C18:0); Contains <2% of (Silica; Vegetable Magnesium Stearate)
https://dsld.od.nih.gov/label/4106,4106,C-Time 1500 With Rose Hips,Ascorbic Acid; Vegetable Cellulose; Hypromellose; Silica; Rose Hips; Vegetable Magnesium Stearate
https://dsld.od.nih.gov/label/4153,4153,C-250 mg,Ascorbic Acid; Vegetable Cellulose; Vegetable Magnesium Stearate; Silica; Stearic Acid (C18:0)
https://dsld.od.nih.gov/label/4168,4168,E-400 IU,Gelatin; Vegetable Glycerin; Soybean Oil
https://dsld.od.nih.gov/label/4169,4169,E-400 IU Pure D-Alpha,Gelatin; Soybean Oil; Vegetable Glycerin
https://dsld.od.nih.gov/label/4172,4172,E-400 IU With DL-Alpha And Added Natural D-Alpha,Gelatin; Vegetable Glycerin; Soybean Oil
https://dsld.od.nih.gov/label/4178,4178,E-1000 IU With Dl-Alpha & Added Natural D-Alpha,Gelatin; Vegetable Glycerin; Soybean Oil
https://dsld.od.nih.gov/label/4179,4179,E-200 IU Pure Dl-Alpha,Gelatin; Vegetable Glycerin; Soybean Oil
https://dsld.od.nih.gov/label/4242,4242,High Potency B-Complex With Folic Acid Plus Vitamin C,Ascorbic Acid; Vegetable Cellulose; Dicalcium Phosphate; Niacinamide; Thiamine Hydrochloride (Thiamine HCl); Calcium D-Pantothenate (Ca D-Pantothenate; Ca Pantothenate; Calcium Pantothenate); Pyridoxine Hydrochloride (Pyridoxine HCl); Calcium Silicate; Vegetable Magnesium Stearate; Silica; Cyanocobalamin
https://dsld.od.nih.gov/label/4334,4334,Vitamin B-6 50 mg,Dicalcium Phosphate; Vegetable Cellulose; Croscarmellose; Stearic Acid (C18:0); Silica; Vegetable Magnesium Stearate
https://dsld.od.nih.gov/label/4340,4340,Vitamin A & D3,Soybean Oil; Gelatin; Vegetable Glycerin
https://dsld.od.nih.gov/label/4341,4341,Vitamin A 10000 IU,Soybean Oil; Gelatin; Vegetable Glycerin
https://dsld.od.nih.gov/label/4342,4342,Vitamin B-1 100 mg,Dicalcium Phosphate; Vegetable Cellulose; Stearic Acid (C18:0); Silica; Vegetable Magnesium Stearate
https://dsld.od.nih.gov/label/4358,4358,Time Released Vitamin C-1000 mg Plus Rose Hips,Ascorbic Acid; Hypromellose; Vegetable Cellulose; Contains <2% of (Rose Hips; Silica; Stearic Acid; Vegetable Magnesium Stearate)
https://dsld.od.nih.gov/label/4360,4360,Vitamin C-1000 mg Plus Rose Hips,Ascorbic Acid; Vegetable Cellulose; Rose Hips; Vegetable Magnesium Stearate; Silica
https://dsld.od.nih.gov/label/4362,4362,Vitamin C-500 mg Plus Rose Hips,Ascorbic Acid; Vegetable Cellulose; Rose Hips; Stearic Acid (C18:0); Silica; Vegetable Magnesium Stearate
https://dsld.od.nih.gov/label/4639,4639,Fast-Absorbing Liquid Vitamin D3 with ConcenTrace Tropical Cherry,purified Water; peach concentrate; Natural Vegetable Glycerine; natural flavors blend (Cherry; Citrus); Citric Acid; Xanthan Gum; Potassium Sorbate; Potassium Benzoate
https://dsld.od.nih.gov/label/4750,4750,Folic Acid,Cellulose; Magnesium Stearate
https://dsld.od.nih.gov/label/4767,4767,Opti-D3,L-Leucine; Hydroxypropylmethylcellulose
https://dsld.od.nih.gov/label/4837,4837,Vitamin E 200 IU,Gelatin; Vegetable Glycerin; Soybean Oil
https://dsld.od.nih.gov/label/4838,4838,Vitamin C 500 mg,Vegetable Cellulose; Stearic Acid (C18:0); Vegetable Magnesium Stearate; Silica
https://dsld.od.nih.gov/label/4896,4896,Vitamin A 10000 IU Vitamin D3 400 IU,Soybean Oil; Gelatin; Vegetable Glycerin
https://dsld.od.nih.gov/label/4897,4897,Sublingual B12 5000 mcg,Mannitol; Crospovidone; Stearic Acid (C18:0); Natural flavor; Contains <2% of: (Beet Juice; Sucralose; Vegetable Magnesium Stearate)
https://dsld.od.nih.gov/label/4933,4933,Methyl B-12 3000 mcg,Fructose; Mannitol; Sorbitol; Dextrose; natural Cherry flavor; luo han guo fruit extract; Magnesium Stearate; Vegetable Stearin; Silica
https://dsld.od.nih.gov/label/4934,4934,Vitamin D-3 2000 IU,Gelatin; Glycerin; Water; Soy bean Oil
https://dsld.od.nih.gov/label/4935,4935,Vitamin D-3 2000 IU,Gelatin; Glycerin; Water; Soy bean Oil
https://dsld.od.nih.gov/label/4942,4942,Perfect E,Gelatin; Glycerin; Water
https://dsld.od.nih.gov/label/4994,4994,Chewable Vita-C100 mg,Sorbitol; ROSEHIPS POWDER; natural Lemon flavor; Lemon Bioflavonoid; Hesperidin Complex; Orange Bioflavonoid; Hydroxypropyl Methylcellulose; Grapefruit Bioflavonoid; Grapefruit Oil
https://dsld.od.nih.gov/label/5003,5003,B-Complex,Microcrystalline Cellulose; TORULA YEAST; Brewer's Yeast; Hydroxypropyl Methylcellulose; Croscarmellose Sodium; hydroxylated Soy Lecithin
https://dsld.od.nih.gov/label/5004,5004,B-Complex,Microcrystalline Cellulose; TORULA YEAST; Brewer's Yeast; Hydroxypropyl Methylcellulose; Croscarmellose Sodium; hydroxylated Soy Lecithin
https://dsld.od.nih.gov/label/5027,5027,Vita-D3,Dicalcium Phosphate; Microcrystalline Cellulose; Hydroxypropyl Methylcellulose; Croscarmellose Sodium; Carnauba Wax; hydroxylated Soy Lecithin
https://dsld.od.nih.gov/label/5462,5462,E-1000,Gelatin; lecithin (soya); Water
https://dsld.od.nih.gov/label/5519,5519,Nutri-Calm,Schisandra; Choline (Choline Bitartrate); Inotisol; Bee Pollen; Para Aminobenzoic Acid (PABA); Lemon Bioflavonoid extract; Valerian root extract (Calcium D-Pantothenate); Passionflower flowers extract; hops flowers extract; Di-Calcium Phosphate; Cellulose (Plant Fiber); Stearic Acid (C18:0); Silicon Dioxide (Silica); Magnesium Stearate
https://dsld.od.nih.gov/label/5805,5805,Folic Acid Xtra,Dextrose; Vegetable Cellulose; Silica; Vegetable Magnesium Stearate; Titanium Dioxide color; FD&C Yellow # 5 Lake; FD&C Yellow # 6 Lake
https://dsld.od.nih.gov/label/5945,5945,Benfotiamine,Microcrystalline Cellulose; HPMC; Dicalcium Phosphate; Stearic Acid (C18:0); Magnesium Stearate; Silica
https://dsld.od.nih.gov/label/6008,6008,C & E Complex,Gelatin; Glycerin; Soybean Oil; Soy Lecithin; yellow Beeswax; Caramel color
https://dsld.od.nih.gov/label/6012,6012,High Potency B12 250 mcg,Dicalcium Phosphate; Vegetable Cellulose; Stearic Acid (C18:0); Silica; Vegetable Magnesium Stearate
https://dsld.od.nih.gov/label/6015,6015,Preservative Free Vitamin E 400 IU With Natural D-Alpha,Gelatin; Vegetable Glycerin; Soybean Oil; Soybean Oil
https://dsld.od.nih.gov/label/6020,6020,100% Natural Vitamin E 400 IU,Gelatin; Soybean Oil; Soybean Oil; Vegetable Glycerin
https://dsld.od.nih.gov/label/6021,6021,100% Natural Vitamin E 200 IU,Gelatin; Soybean Oil; Soybean Oil; Vegetable Glycerin
https://dsld.od.nih.gov/label/6022,6022,100% Natural Vitamin E 400 IU,Gelatin; Soybean Oil; Soybean Oil; Vegetable Glycerin
https://dsld.od.nih.gov/label/6023,6023,100% Natural Vitamin E 400 IU,Gelatin; Soybean Oil; Soybean Oil; Vegetable Glycerin
https://dsld.od.nih.gov/label/6029,6029,Super Potency Vitamin E 1000 IU,Gelatin; Vegetable Glycerin; Soybean Oil; Soybean Oil
https://dsld.od.nih.gov/label/6030,6030,Super Potency Vitamin E 1000 IU,Gelatin; Vegetable Glycerin; Soybean Oil; Soybean Oil
https://dsld.od.nih.gov/label/6064,6064,High Potency B & C Complex,Hypromellose; Dicalcium Phosphate; Vegetable Cellulose; Silica; Vegetable Magnesium Stearate
https://dsld.od.nih.gov/label/6095,6095,High Potency B1 100 mg,Dicalcium Phosphate; Vegetable Cellulose; Stearic Acid (C18:0); Silica; Vegetable Magnesium Stearate
https://dsld.od.nih.gov/label/6221,6221,Homocystrol,Mannitol/fructose complex; Cellulose; Cherry flavor; Vegetable Stearate; Vegetable Stearate; Vegetable Stearate; Silica
https://dsld.od.nih.gov/label/6266,6266,Vitamin A 10000 IU,Capsule (Gelatin); Glycerin; Soybean Oil; Soybean Oil
https://dsld.od.nih.gov/label/6279,6279,Vitamin E 400 IU Plus Mixed Tocopherols,Capsule (Gelatin); Glycerin; Soybean Oil; D-Beta Tocopherol; D-Gamma-Tocopherol; D-Delta-Tocopherol; purified Water
https://dsld.od.nih.gov/label/6280,6280,Vitamin E 1000 IU Plus Mixed Tocopherols,Gelatin; Glycerin; Soybean Oil; Water; D-Gamma-Tocopherol; D-Delta-Tocopherol; D-Alpha-Tocopherol; D-Beta Tocopherol
https://dsld.od.nih.gov/label/6286,6286,Vitamin D3 1000 IU,Rice Bran Oil; Gelatin; Glycerin; purified Water; purified Water; purified Water
https://dsld.od.nih.gov/label/6287,6287,Vitamin D3 5000 IU,Cellulose; modified Cellulose Gum; modified Cellulose Gum; Silicon Dioxide (SiO2); Stearic Acid (C18:0); Magnesium Stearate
https://dsld.od.nih.gov/label/6288,6288,Vitamin D3 2000 IU,Rice Bran Oil; Gelatin; Glycerin; purified Water; purified Water; purified Water
https://dsld.od.nih.gov/label/6289,6289,Vitamin E 200 IU Plus Mixed Tocopherols,Soybean Oil; Gelatin; Glycerin; Water; D-Gamma-Tocopherol; D-Delta-Tocopherol; D-Alpha-Tocopherol; D-Beta Tocopherol
https://dsld.od.nih.gov/label/6290,6290,Vitamin E 400 IU,Capsule (Gelatin); Glycerin; Vegetable oil; Vegetable Oil
https://dsld.od.nih.gov/label/6338,6338,Vegetarian Vitamin E 400 IU,Capsule; ETHYL CELLULOSE; Magnesium Stearate
https://dsld.od.nih.gov/label/6342,6342,Vitamin C 500 mg,Cellulose; Stearic Acid (C18:0); Silica; modified Cellulose Gum; modified Cellulose Gum; Calcium Stearate
https://dsld.od.nih.gov/label/6352,6352,All Day C 500 mg,Capsule (Gelatin); Food Glaze; Rutin; Hesperidin
https://dsld.od.nih.gov/label/6362,6362,Niacin 500 mg,Modified Cellulose; Modified Cellulose; Cellulose; Stearic Acid (C18:0); Silica; modified Cellulose Gum; modified Cellulose Gum; Magnesium Stearate; Glycerin
https://dsld.od.nih.gov/label/6366,6366,Folic Acid 800 mcg,Calcium Stearate; Cellulose; Lactose (Milk)
https://dsld.od.nih.gov/label/6369,6369,Natural Berry Flavor Methyl B-12 1000 mcg,Sorbitol; Xylitol; Cellulose; modified Cellulose Gum; modified Cellulose Gum; Silicon Dioxide (SiO2); Stearic Acid (C18:0); natural Raspberry powder; natural Strawberry flavor; Citric Acid; Magnesium Stearate
https://dsld.od.nih.gov/label/6370,6370,Biotin 500 mcg,Capsule (Gelatin); Cellulose; Silicon Dioxide (SiO2); Magnesium Stearate
https://dsld.od.nih.gov/label/6382,6382,B-12 Lozenge 1000 mcg,Mannitol; Sorbitol; natural Raspberry flavor; modified Cellulose Gum; modified Cellulose Gum; Citric Acid; Magnesium Stearate; Silicon Dioxide (SiO2)
https://dsld.od.nih.gov/label/6463,6463,Vitamin D3 400 IU,Capsule (Gelatin); Glycerin; Soybean Oil
https://dsld.od.nih.gov/label/6668,6668,Vitamin D3 2000 IU,soy bean oil; Vegetable Glycerine; Vegetable Glycerine; purified Water; purified Water; purified Water; Gelatin
https://dsld.od.nih.gov/label/6669,6669,Delta Pro Tocotrienols 125 mg,Gelatin; Glycerin; Water
https://dsld.od.nih.gov/label/6684,6684,Biotin 5000 mcg,Gelatin; Water; Cellulose; Magnesium Stearate; Vegetable Stearin; Silica
https://dsld.od.nih.gov/label/6808,6808,Vitamin D3,organic Brown Rice Flour; Gelatin
https://dsld.od.nih.gov/label/6885,6885,Natural Vitamin E,Soybean Oil; Gelatin; Glycerin; purified Water
https://dsld.od.nih.gov/label/6889,6889,Natural Vitamin E Complex,Gelatin; Glycerin; Soybean Oil; purified Water
https://dsld.od.nih.gov/label/6905,6905,Kid's Stuff,Fructose; Dextrose; Honey powder; Orange Juice Flavor Powder; Sodium Ascorbate; Papaya powder; Orange Flavor Powder; Magnesium Stearate; Silica
https://dsld.od.nih.gov/label/6922,6922,Pantothenic Acid 500 mg,Magnesium Stearate; Cellulose; Vegetable Stearin; Dicalcium Phosphate; Silica
https://dsld.od.nih.gov/label/6955,6955,Stress Formula,Dicalcium Phosphate; Microcrystalline Cellulose; Stearic Acid (C18:0); Silica; Magnesium Stearate; Croscarmellose Sodium; Pharmaceutical Glaze
https://dsld.od.nih.gov/label/6969,6969,Vitamin C-1000 With Rose Hips,Magnesium Stearate; Cellulose; Vegetable Stearin; Dicalcium Phosphate; Silica
https://dsld.od.nih.gov/label/6994,6994,Beta Carotene 25000 IU,Gelatin; Glycerin; Water; May contain: (Beeswax; Soybean Oil)
https://dsld.od.nih.gov/label/6998,6998,Biotin 5000 mcg,Gelatin; Glycerin; Water; May contain one or more of the following: (Cellulose; Magnesium Stearate; Silica; Vegetable Stearin)
https://dsld.od.nih.gov/label/7017,7017,Millguard,Dicalcium Phosphate; Microcrystalline Cellulose; Croscarmellose Sodium; Stearic Acid (C18:0); Magnesium Stearate; Silica; film coat ingredients (Hydroxypropyl Cellulose; Hypromellose)
https://dsld.od.nih.gov/label/7067,7067,Natural Source Vitamin B-1 250 mg,Dicalcium Phosphate; Microcrystalline Cellulose; Croscarmellose Sodium; Stearic Acid (C18:0); Magnesium Stearate
https://dsld.od.nih.gov/label/7087,7087,Folic Acid 800 mcg With 25 mcg Vitamin B-12,Magnesium Stearate; Cellulose; Vegetable Stearin; Dicalcium Phosphate; Silica
https://dsld.od.nih.gov/label/7132,7132,Super B-12 5000 mcg,Cane juice crystals; Natural flavors; Citric Acid; Vegetable Stearate; Silica; Ginseng Blend (American Ginseng root extract; Korean Ginseng root extract)
https://dsld.od.nih.gov/label/7147,7147,Vitamin C-1000,Microcrystalline Cellulose; Stearic Acid (C18:0); Silica; Magnesium Stearate; Croscarmellose Sodium; Pharmaceutical Glaze
https://dsld.od.nih.gov/label/7179,7179,Niacin Vitamin B-3 100 mg,Magnesium Stearate; Cellulose; Vegetable Stearin; Dicalcium Phosphate; Silica
https://dsld.od.nih.gov/label/7213,7213,Perfect E,Gelatin; Glycerin; Water
https://dsld.od.nih.gov/label/7232,7232,Natural Vitamin E-100,Soybean Oil; Gelatin; purified Water; Glycerin
https://dsld.od.nih.gov/label/7233,7233,Natural Vitamin E-200,Gelatin; Glycerin; purified Water
https://dsld.od.nih.gov/label/7236,7236,Natural Vitamin E-400,Soybean Oil; Gelatin; Glycerin; purified Water
https://dsld.od.nih.gov/label/7240,7240,Vitamin E-200,Gelatin; Glycerin; purified Water
https://dsld.od.nih.gov/label/7253,7253,Vitamin A 25000 IU,Soybean Oil; Softgel Capsule (Gelatin; Glycerin; Water)
https://dsld.od.nih.gov/label/7254,7254,Vitamin D-3 400 IU,Gelatin; Glycerin; Water
https://dsld.od.nih.gov/label/7273,7273,Bite-A-Mins Children's Chewable Vitamins,Sucrose; Mannitol; Natural and Artificial flavors; Stearic Acid (C18:0); dried alfalfa juice; Silica; turmeric color; Magnesium Stearate; Salt; carmine color
https://dsld.od.nih.gov/label/7281,7281,Natural Source Niacin 100 mg,Dicalcium Phosphate; Microcrystalline Cellulose; Stearic Acid (C18:0); Magnesium Stearate; Silica; Sodium Starch Glycolate
https://dsld.od.nih.gov/label/7288,7288,Vitamin B-12 Lozenges 1000 mcg,Mannitol; Sorbitol; Dextrose; Sucrose; natural Cherry flavor; May contain one or more of the following: (Cellulose; Magnesium Stearate; Silica; Vegetable Stearin)
https://dsld.od.nih.gov/label/7292,7292,Sublingual Methyl B-12,Fructose; Mannitol; Sorbitol; Dextrose; natural Cherry flavor; luo han guo fruit extract; May contain one or more of the following: (Magnesium Stearate; Silica; Vegetable Stearin)
https://dsld.od.nih.gov/label/7322,7322,Vitamin D-3 1000 IU,Gelatin; Glycerin; Water; Rice Bran Oil
https://dsld.od.nih.gov/label/7323,7323,Vitamin D-3 1500 IU,Cellulose; Croscarmellose Sodium; Magnesium Stearate; Stearic Acid (C18:0)
https://dsld.od.nih.gov/label/7327,7327,Vitamin D-3 5000 IU,Cellulose; Magnesium Stearate; Silicon Dioxide (SiO2)
https://dsld.od.nih.gov/label/7330,7330,Vitamin E 400,Gelatin; Glycerin; Water; May contain: (Beeswax; Soybean Oil)
https://dsld.od.nih.gov/label/7331,7331,Vitamin E 400,Gelatin; Glycerin; Water; May contain: (Beeswax; Soybean Oil)
https://dsld.od.nih.gov/label/7362,7362,Vitamin B-6 100 mg,Dicalcium Phosphate; Cellulose; Vegetable Stearin; Magnesium Stearate; Silica
https://dsld.od.nih.gov/label/7363,7363,Chewable C-500,Dextrose; Sorbitol; Natural flavors; Stearic Acid (C18:0); Malic Acid; Magnesium Stearate; Silica; Sucralose; carmine red; Other ingredients: (Carmine Red; Citric Acid; Dextrose; Magnesium Stearate; Natural Flavors; Silica; Sorbitol; Stearic Acid; Sucralose; Turmeric color); Other ingredients: (Carmine Red; Dextrose; Magnesium Stearate; Malic Acid; Natural and Artificial flavors; Silica; Sorbitol; Stearic Acid; Sucralose)
https://dsld.od.nih.gov/label/7471,7471,Natural Folic Acid 400 mcg,Dicalcium Phosphate; Cellulose; Croscarmellose Sodium; Stearic Acid (C18:0); Magnesium Stearate
https://dsld.od.nih.gov/label/7479,7479,High Potency B Complex 50,Calcium Carbonate (Ca Carbonate; CaCO3); Cellulose; Calcium D-Pantothenate (Ca D-Pantothenate; Ca Pantothenate; Calcium Pantothenate); Pyridoxine Hydrochloride (Pyridoxine HCl); Riboflavin; Thiamine Mononitrate; Niacinamide; Maltodextrin; Croscarmellose Sodium; Sodium Starch Glycolate; Polyethylene Glycol; Tricalcium Phosphate; Corn Starch; Resin; Dicalcium Phosphate; Silicon Dioxide (SiO2); Magnesium Stearate; Povidone; Hypromellose; Brewer's Yeast; Rice Bran; Alfalfa powder; Soy Lecithin; Para-Aminobenzoic Acid; Parsley powder; Watercress powder; Cyanocobalamin
https://dsld.od.nih.gov/label/7485,7485,High Potency B Complex 100,Calcium Carbonate (Ca Carbonate; CaCO3); Pyridoxine Hydrochloride (Pyridoxine HCl); Calcium D-Pantothenate (Ca D-Pantothenate; Ca Pantothenate; Calcium Pantothenate); Thiamine Mononitrate; Riboflavin; Niacinamide; Cellulose; Maltodextrin; Croscarmellose Sodium; Dicalcium Phosphate; Polyethylene Glycol; Crospovidone; Magnesium Stearate; Tricalcium Phosphate; Hypromellose; Silicon Dioxide (SiO2); Corn Starch; Wheat Bran; Alfalfa powder; Brewer's Yeast; Para-Aminobenzoic Acid; Parsley powder; Watercress; Hydroxypropyl Cellulose; Soy Lecithin; Polysorbate 80; Cyanocobalamin
https://dsld.od.nih.gov/label/7490,7490,High Potency 25000 IU Beta Carotene,Soybean Oil; Gelatin; Glycerin; Vegetable Oil (Cottonseed Oil; Soybean Oil); yellow Beeswax; Beta-Carotene; Carrot Oil
https://dsld.od.nih.gov/label/7495,7495,High Potency 1000 mg Vitamin C with Rose Hips,Ascorbic Acid; Cellulose; Corn Starch; Hypromellose; Rose Hips; Croscarmellose Sodium; Crospovidone; Stearic Acid (C18:0); Hydroxypropyl Cellulose; Magnesium Stearate; Silicon Dioxide (SiO2)
https://dsld.od.nih.gov/label/7499,7499,Niacin 100 mg,Lactose; Corn Starch; Stearic Acid (C18:0); Silicon Dioxide (SiO2); Magnesium Stearate
https://dsld.od.nih.gov/label/7526,7526,High Potency One Daily Essential,Calcium Carbonate (Ca Carbonate; CaCO3); Ascorbic Acid; Gelatin; DL-Alpha-Tocopheryl Acetate; Niacinamide; Cellulose; Calcium D-Pantothenate (Ca D-Pantothenate; Ca Pantothenate; Calcium Pantothenate); Croscarmellose Sodium; Silicon Dioxide (SiO2); Acacia; Dextrin; Hypromellose; Crospovidone; Corn Starch; Stearic Acid (C18:0); Pyridoxine Hydrochloride (Pyridoxine HCl); Polyethylene Glycol; Red 40 Lake; Magnesium Stearate; Riboflavin; Thiamine Mononitrate; Vitamin A Acetate; Dextrose; Resin; Titanium Dioxide; Soy Lecithin; Beta-Carotene; Blue 2 Lake; Ergocalciferol; Cyanocobalamin
https://dsld.od.nih.gov/label/7532,7532,High Potency One Daily Essential,Calcium Carbonate (Ca Carbonate; CaCO3); Ascorbic Acid; Gelatin; DL-Alpha-Tocopheryl Acetate; Niacinamide; Cellulose; Calcium D-Pantothenate (Ca D-Pantothenate; Ca Pantothenate; Calcium Pantothenate); Croscarmellose Sodium; Silicon Dioxide (SiO2); Acacia; Dextrin; Hypromellose; Crospovidone; Corn Starch; Stearic Acid (C18:0); Pyridoxine Hydrochloride (Pyridoxine HCl); Polyethylene Glycol; Red 40 Lake; Magnesium Stearate; Riboflavin; Thiamine Mononitrate; Vitamin A Acetate; Dextrose; Resin; Titanium Dioxide; Soy Lecithin; Beta-Carotene; Blue 2 Lake; Ergocalciferol; Cyanocobalamin
https://dsld.od.nih.gov/label/7566,7566,Vitamin B-6 100 mg,Cellulose; Pyridoxine Hydrochloride (Pyridoxine HCl); Dicalcium Phosphate; Corn Starch; Croscarmellose Sodium; Polyethylene Glycol; Silicon Dioxide (SiO2); Magnesium Stearate
https://dsld.od.nih.gov/label/7568,7568,High Potency 500 mcg Vitamin B-12,Lactose; Dicalcium Phosphate; Corn Starch; Magnesium Stearate; Cyanocobalamin; Red 40 Lake
https://dsld.od.nih.gov/label/7571,7571,High Potency B Complex with Vitamin C,Ascorbic Acid; Dextrose; Cellulose; Niacinamide; Thiamine Mononitrate; Calcium D-Pantothenate (Ca D-Pantothenate; Ca Pantothenate; Calcium Pantothenate); Croscarmellose Sodium; Riboflavin; Hypromellose; Corn Starch; Pyridoxine Hydrochloride (Pyridoxine HCl); Starch Oligosaccharides; Stearic Acid (C18:0); Magnesium Stearate; Silicon Dioxide (SiO2); Povidone; Polyethylene Glycol; Dicalcium Phosphate; Cyanocobalamin
https://dsld.od.nih.gov/label/7574,7574,500 mg Vitamin C,Ascorbic Acid; Corn Starch; Cellulose; Crospovidone; Hypromellose; Croscarmellose Sodium; Magnesium Stearate; Hydroxypropyl Cellulose; Stearic Acid (C18:0); Silicon Dioxide (SiO2)
https://dsld.od.nih.gov/label/7576,7576,Vitamin C 500 mg,Ascorbic Acid; Corn Starch; Cellulose; Crospovidone; Hypromellose; Croscarmellose Sodium; Magnesium Stearate; Hydroxypropyl Cellulose; Stearic Acid (C18:0); Silicon Dioxide (SiO2)
https://dsld.od.nih.gov/label/7577,7577,High Potency 1000 mg Vitamin C,Ascorbic Acid; Corn Starch; Cellulose; Crospovidone; Hypromellose; Croscarmellose Sodium; Stearic Acid (C18:0); Magnesium Stearate; Hydroxypropyl Cellulose; Silicon Dioxide (SiO2)
https://dsld.od.nih.gov/label/7580,7580,High Potency 1000 mg Vitamin C,Ascorbic Acid; Corn Starch; Cellulose; Crospovidone; Magnesium Stearate; Hydroxypropyl Cellulose; Stearic Acid (C18:0); Silicon Dioxide (SiO2)
https://dsld.od.nih.gov/label/7584,7584,200 IU Vitamin E,DL-Alpha-Tocopheryl Acetate; Gelatin; Glycerin; Soybean Oil
https://dsld.od.nih.gov/label/7587,7587,High Potency 1000 IU Vitamin E,DL-Alpha-Tocopheryl Acetate; Gelatin; Glycerin; Soybeal Oil
https://dsld.od.nih.gov/label/7593,7593,400 IU Vitamin E,DL-Alpha-Tocopheryl Acetate; Gelatin; Glycerin; Soybean Oil
https://dsld.od.nih.gov/label/7595,7595,400 IU Vitamin E,DL-Alpha-Tocopheryl Acetate; Gelatin; Glycerin; Soybean Oil
https://dsld.od.nih.gov/label/7597,7597,400 IU Vitamin E,DL-Alpha-Tocopheryl Acetate; Gelatin; Glycerin; Soybean Oil
https://dsld.od.nih.gov/label/7599,7599,Water Dispersible 400 IU Vitamin E,DL-Alpha-Tocopheryl Acetate; Gelatin; Glycerin (Soy); Polysorbate 80
https://dsld.od.nih.gov/label/7605,7605,500 mg Vitamin C,Ascorbic Acid; Corn Starch; Cellulose; Crospovidone; Hypromellose; Croscarmellose Sodium; Magnesium Stearate; Hydroxypropyl Cellulose; Stearic Acid (C18:0); Silicon Dioxide (SiO2)
https://dsld.od.nih.gov/label/7691,7691,B 100 Complex,Calcium Carbonate (Ca Carbonate; CaCO3); Pyridoxine Hydrochloride (Pyridoxine HCl); Calcium D-Pantothenate (Ca D-Pantothenate; Ca Pantothenate; Calcium Pantothenate); Thiamine Mononitrate; Riboflavin; Niacinamide; Cellulose; Maltodextrin; Croscarmellose Sodium; Dicalcium Phosphate; Crospovidone; Magnesium Stearate; Polyethylene Glycol; Tricalcium Phosphate; Hypromellose; Silicon Dioxide (SiO2); Corn Starch; Wheat Bran; Alfalfa powder; Brewer's Yeast; Para-Aminobenzoic Acid; Parsley powder; Watercress; Soy Lecithin; Cyanocobalamin
https://dsld.od.nih.gov/label/7696,7696,Natural Folic Acid 400 mcg,Dicalcium Phosphate; Cellulose; Croscarmellose Sodium; Stearic Acid (C18:0); Magnesium Stearate
https://dsld.od.nih.gov/label/7698,7698,Natural Folic Acid 400 mcg,Dicalcium Phosphate; Cellulose; Croscarmellose Sodium; Stearic Acid (C18:0); Magnesium Stearate
https://dsld.od.nih.gov/label/7702,7702,Natural Beta Carotene 25000 IU,Soybean Oil; Gelatin; Glycerin; Vegetable Oil (Cottonseed Oil; Soybean Oil); yellow Beeswax; Beta-Carotene; Carrot Oil
https://dsld.od.nih.gov/label/7706,7706,Natural Beta Carotene 25000 IU,Soybean Oil; Gelatin; Glycerin; Vegetable Oil (Cottonseed Oil; Soybean Oil); yellow Beeswax; Beta-Carotene; Carrot Oil
https://dsld.od.nih.gov/label/7728,7728,Natural Vitamin C With Rose Hips 500 mg,Ascorbic Acid; Cellulose; Corn Starch; Hypromellose; Crospovidone; Stearic Acid (C18:0); Rose Hips; Croscarmellose Sodium; Magnesium Stearate; Silicon Dioxide (SiO2); Hydroxypropyl Cellulose
https://dsld.od.nih.gov/label/7730,7730,Natural Cod Liver Oil,Cod Liver Oil (Anchovy; Cod; Haddock; Mackerel; Pollack; Sardine; Shark); Gelatin; Glycerin; Soybean Oil
https://dsld.od.nih.gov/label/7732,7732,Natural Vitamin C With Rose Hips 500 mg,Ascorbic Acid; Cellulose; Corn Starch; Hypromellose; Crospovidone; Stearic Acid (C18:0); Rose Hips; Croscarmellose Sodium; Magnesium Stearate; Silicon Dioxide (SiO2); Hydroxypropyl Cellulose
https://dsld.od.nih.gov/label/7734,7734,Natural Vitamin D 400 IU,Dicalcium Phosphate; Cellulose; Corn Starch; Croscarmellose Sodium; Silicon Dioxide (SiO2); Magnesium Stearate; Stearic Acid (C18:0); Dextrin; Dextrose; Lecithin; Sodium Carboxymethylcellulose; Sodium Citrate; Cholecalciferol (Soy)
https://dsld.od.nih.gov/label/7742,7742,Multiple Vitamins Essential,Calcium Carbonate (Ca Carbonate; CaCO3); Ascorbic Acid; Gelatin; DL-Alpha-Tocopheryl Acetate; Niacinamide; Cellulose; Calcium D-Pantothenate (Ca D-Pantothenate; Ca Pantothenate; Calcium Pantothenate); Croscarmellose Sodium; Silicon Dioxide (SiO2); Acacia; Dextrin; Hypromellose; Crospovidone; Corn Starch; Stearic Acid (C18:0); Pyridoxine Hydrochloride (Pyridoxine HCl); Polyethylene Glycol; Red 40 Lake; Magnesium Stearate; Riboflavin; Thiamine Mononitrate; Vitamin A Acetate; Dextrose; Resin; Titanium Dioxide; Soy Lecithin; Beta-Carotene; Blue 2 Lake; Ergocalciferol; Cyanocobalamin
https://dsld.od.nih.gov/label/7748,7748,Vitamin B6 100 mg,Cellulose; Pyridoxine Hydrochloride (Pyridoxine HCl); Dicalcium Phosphate; Corn Starch; Croscarmellose Sodium; Polyethylene Glycol; Silicon Dioxide (SiO2); Magnesium Stearate
https://dsld.od.nih.gov/label/7749,7749,Vitamin B12 100 mcg,Lactose; Dicalcium Phosphate; Corn Starch; Magnesium Stearate; Red 40 Lake; Cyanocobalamin
https://dsld.od.nih.gov/label/7750,7750,Vitamin B12 500 mcg,Lactose; Dicalcium Phosphate; Corn Starch; Magnesium Stearate; Cyanocobalamin; Red 40 Lake
https://dsld.od.nih.gov/label/7751,7751,Vitamin C 500 mg,Ascorbic Acid; Corn Starch; Cellulose; Crospovidone; Hypromellose; Croscarmellose Sodium; Magnesium Stearate; Hydroxypropyl Cellulose; Stearic Acid (C18:0); Silicon Dioxide (SiO2)
https://dsld.od.nih.gov/label/7752,7752,Vitamin C 500 mg,Ascorbic Acid; Corn Starch; Cellulose; Crospovidone; Hypromellose; Croscarmellose Sodium; Magnesium Stearate; Hydroxypropyl Cellulose; Stearic Acid (C18:0); Silicon Dioxide (SiO2)
https://dsld.od.nih.gov/label/7753,7753,Vitamin C 1000 mg,Ascorbic Acid; Corn Starch; Cellulose; Crospovidone; Magnesium Stearate; Hydroxypropyl Cellulose; Stearic Acid (C18:0); Silicon Dioxide (SiO2)
https://dsld.od.nih.gov/label/7757,7757,Natural Vitamin C 500 mg,Ascorbic Acid; Cellulose; Corn Starch; Hypromellose; Crospovidone; Stearic Acid (C18:0); Rose Hips; Croscarmellose Sodium; Magnesium Stearate; Silicon Dioxide (SiO2); Hydroxypropyl Cellulose
https://dsld.od.nih.gov/label/7758,7758,Natural C 1000 mg,Ascorbic Acid; Cellulose; Corn Starch; Hypromellose; Rose Hips; Croscarmellose Sodium; Crospovidone; Stearic Acid (C18:0); Hydroxypropyl Cellulose; Magnesium Stearate; Silicon Dioxide (SiO2)
https://dsld.od.nih.gov/label/7759,7759,Vitamin C 500 mg,Ascorbic Acid; Corn Starch; Cellulose; Crospovidone; Hypromellose; Croscarmellose Sodium; Magnesium Stearate; Hydroxypropyl Cellulose; Stearic Acid (C18:0); Silicon Dioxide (SiO2)
https://dsld.od.nih.gov/label/7760,7760,Vitamin E 200 IU,DL-Alpha-Tocopheryl Acetate; Gelatin; Glycerin; Soybean Oil
https://dsld.od.nih.gov/label/7761,7761,Vitamin E 400 IU,DL-Alpha-Tocopheryl Acetate; Gelatin; Glycerin; Soybean Oil; D-Alpha-Tocopherol
https://dsld.od.nih.gov/label/7762,7762,Vitamin E 400 IU,DL-Alpha-Tocopheryl Acetate; Gelatin; Glycerin; Soybean Oil
https://dsld.od.nih.gov/label/7763,7763,Vitamin E 400 IU,DL-Alpha-Tocopheryl Acetate; Gelatin; Glycerin; Soybean Oil
https://dsld.od.nih.gov/label/7764,7764,Vitamin E 1000 IU,DL-Alpha-Tocopheryl Acetate; Gelatin; Glycerin; Soybean Oil
https://dsld.od.nih.gov/label/7765,7765,Natural E 400 IU,D-Alpha-Tocopheryl Acetate; Gelatin; Glycerin; Soybean Oil
https://dsld.od.nih.gov/label/7766,7766,Vitamin E 400 IU,DL-Alpha-Tocopheryl Acetate; Gelatin; Glycerin; Polysorbate 80
https://dsld.od.nih.gov/label/7781,7781,Natural Vitamin E D-Alpha 400 IU,D-Alpha-Tocopheryl Acetate; Gelatin; Glycerin; Soybean Oil
https://dsld.od.nih.gov/label/7783,7783,Niacin 100 mg,Lactose; Corn Starch; Stearic Acid (C18:0); Silicon Dioxide (SiO2); Magnesium Stearate
https://dsld.od.nih.gov/label/7790,7790,Iron Free One Daily Essential Multiple Vitamins,Calcium Carbonate (Ca Carbonate; CaCO3); Ascorbic Acid; Gelatin; DL-Alpha-Tocopheryl Acetate; Niacinamide; Cellulose; Calcium D-Pantothenate (Ca D-Pantothenate; Ca Pantothenate; Calcium Pantothenate); Croscarmellose Sodium; Silicon Dioxide (SiO2); Acacia; Dextrin; Hypromellose; Crospovidone; Corn Starch; Stearic Acid (C18:0); Pyridoxine Hydrochloride (Pyridoxine HCl); Polyethylene Glycol; Red 40 Lake; Magnesium Stearate; Riboflavin; Thiamine Mononitrate; Vitamin A Acetate; Dextrose; Resin; Titanium Dioxide; Soy Lecithin; Beta-Carotene; Blue 2 Lake; Ergocalciferol; Cyanocobalamin
https://dsld.od.nih.gov/label/7794,7794,Iron Free One Daily Essential Multiple Vitamins,Calcium Carbonate (Ca Carbonate; CaCO3); Ascorbic Acid; Gelatin; DL-Alpha-Tocopheryl Acetate; Niacinamide; Cellulose; Calcium D-Pantothenate (Ca D-Pantothenate; Ca Pantothenate; Calcium Pantothenate); Croscarmellose Sodium; Silicon Dioxide (SiO2); Acacia; Dextrin; Hypromellose; Crospovidone; Corn Starch; Stearic Acid (C18:0); Pyridoxine Hydrochloride (Pyridoxine HCl); Polyethylene Glycol; Red 40 Lake; Magnesium Stearate; Riboflavin; Thiamine Mononitrate; Vitamin A Acetate; Dextrose; Resin; Titanium Dioxide; Soy Lecithin; Beta-Carotene; Blue 2 Lake; Ergocalciferol; Cyanocobalamin
https://dsld.od.nih.gov/label/7816,7816,Vitamin C 500 mg,Ascorbic Acid; Corn Starch; Cellulose; Crospovidone; Hypromellose; Croscarmellose Sodium; Magnesium Stearate; Hydroxypropyl Cellulose; Stearic Acid (C18:0); Silicon Dioxide (SiO2)
https://dsld.od.nih.gov/label/7819,7819,Vitamin C 500 mg,Ascorbic Acid; Corn Starch; Cellulose; Crospovidone; Hypromellose; Croscarmellose Sodium; Magnesium Stearate; Hydroxypropyl Cellulose; Stearic Acid (C18:0); Silicon Dioxide (SiO2)
https://dsld.od.nih.gov/label/7820,7820,Vitamin C 500 mg,Ascorbic Acid; Corn Starch; Cellulose; Crospovidone; Hypromellose; Croscarmellose Sodium; Magnesium Stearate; Hydroxypropyl Cellulose; Stearic Acid (C18:0); Silicon Dioxide (SiO2)
https://dsld.od.nih.gov/label/7821,7821,Vitamin C 1000 mg,Ascorbic Acid; Corn Starch; Cellulose; Crospovidone; Magnesium Stearate; Hydroxypropyl Cellulose; Stearic Acid (C18:0); Silicon Dioxide (SiO2)
https://dsld.od.nih.gov/label/7823,7823,Vitamin C 1000 mg,Ascorbic Acid; Corn Starch; Cellulose; Crospovidone; Magnesium Stearate; Hydroxypropyl Cellulose; Stearic Acid (C18:0); Silicon Dioxide (SiO2)
https://dsld.od.nih.gov/label/7826,7826,Vitamin E 200 IU,DL-Alpha-Tocopheryl Acetate; Gelatin; Glycerin; Soybean Oil
https://dsld.od.nih.gov/label/7828,7828,Vitamin E 400 IU,DL-Alpha-Tocopheryl Acetate; Gelatin; Glycerin; Soybean Oil
https://dsld.od.nih.gov/label/7831,7831,Vitamin E 400 IU,DL-Alpha-Tocopheryl Acetate; Gelatin; Glycerin; Soybean Oil
https://dsld.od.nih.gov/label/7832,7832,Vitamin E 400 IU,DL-Alpha-Tocopheryl Acetate; Gelatin; Glycerin; Soybean Oil
https://dsld.od.nih.gov/label/7833,7833,Vitamin E Water Dispersible 400 IU,DL-Alpha-Tocopheryl Acetate; Gelatin; Glycerin; Polysorbate 80
https://dsld.od.nih.gov/label/7835,7835,Vitamin E Water Dispersible 400 IU,DL-Alpha-Tocopheryl Acetate; Gelatin; Glycerin; Polysorbate 80
https://dsld.od.nih.gov/label/7836,7836,Vitamin E 1000 IU,DL-Alpha-Tocopheryl Acetate; Gelatin; Glycerin; Soybean Oil
https://dsld.od.nih.gov/label/7837,7837,Vitamin E 1000 IU,DL-Alpha-Tocopheryl Acetate; Gelatin; Glycerin; Soybean Oil
https://dsld.od.nih.gov/label/7844,7844,Vitamin B6 100 mg,Cellulose; Pyridoxine Hydrochloride (Pyridoxine HCl); Dicalcium Phosphate; Corn Starch; Croscarmellose Sodium; Polyethylene Glycol; Silicon Dioxide (SiO2); Magnesium Stearate
https://dsld.od.nih.gov/label/7845,7845,Vitamin B12 500 mcg,Lactose; Dicalcium Phosphate; Corn Starch; Magnesium Stearate; Cyanocobalamin; Red 40 Lake
https://dsld.od.nih.gov/label/7846,7846,Vitamin B Complex,Calcium Carbonate (Ca Carbonate; CaCO3); Maltodextrin; Cellulose; Pyridoxine Hydrochloride (Pyridoxine HCl); Calcium D-Pantothenate (Ca D-Pantothenate; Ca Pantothenate; Calcium Pantothenate); Thiamine Mononitrate; Riboflavin; Niacinamide; Croscarmellose Sodium; Para-Aminobenzoic Acid; Dextrin; Corn Starch; Magnesium Stearate; Sodium Starch Glycolate; Hypromellose; Polyethylene Glycol; Dicalcium Phosphate; Silicon Dioxide (SiO2); Red 40 Lake; Dextrose; Titanium Dioxide; Soy Lecithin; Blue 2 Lake; Sodium Carboxymethylcellulose; Sodium Citrate; Biotin; Cyanocobalamin
https://dsld.od.nih.gov/label/7850,7850,Vitamin B Complex With C,Ascorbic Acid; Dextrose; Cellulose; Niacinamide; Thiamine Mononitrate; Calcium D-Pantothenate (Ca D-Pantothenate; Ca Pantothenate; Calcium Pantothenate); Croscarmellose Sodium; Riboflavin; Hypromellose; Corn Starch; Pyridoxine Hydrochloride (Pyridoxine HCl); Starch Oligosaccharides; Stearic Acid (C18:0); Magnesium Stearate; Silicon Dioxide (SiO2); Povidone; Polyethylene Glycol; Dicalcium Phosphate; Cyanocobalamin
https://dsld.od.nih.gov/label/7948,7948,Pyridoxine HCl B6 50 mg,Cellulose; Magnesium Stearate
https://dsld.od.nih.gov/label/7969,7969,Vitamin B-5 250 mg,Gelatin; Cellulose; Vegetable Stearate
https://dsld.od.nih.gov/label/7987,7987,E-200 With B-Complex,Gelatin; Vegetable Stearate
https://dsld.od.nih.gov/label/8090,8090,Pyridoxal 5-Phosphate,Cellulose; Vegetable Stearine; Magnesium Stearate; Silica
https://dsld.od.nih.gov/label/8161,8161,Ascorbyl Palmitate,Gelatin; Vegetable Stearate
https://dsld.od.nih.gov/label/8162,8162,Ascorbyl Palmitate 250 mg,Gelatin; Vegetable Stearate
https://dsld.od.nih.gov/label/8222,8222,Chewable Vitamins Natural Fruit Flavors,Natural orange and cherry flavors; Dextrates; Mannitol; Fructose; Magnesium Stearate; Silica; Sodium Chloride; Sucrose
https://dsld.od.nih.gov/label/8239,8239,Rx Support Anti-Depressant,Rice Flour; Stearic Acid (C18:0); Magnesium Stearate; Silica; Gelatin
https://dsld.od.nih.gov/label/8242,8242,Rx Support Diabetes,Rice Flour; Stearic Acid (C18:0); Magnesium Stearate; Silica; Gelatin
https://dsld.od.nih.gov/label/8243,8243,Mixed E 400 IU,Softgel Capsule (Gelatin; Glycerin; purified Water); Soybean Oil
https://dsld.od.nih.gov/label/8248,8248,E 400 IU Succinate,Gelatin capsule (Gelatin; purified Water); Titanium Dioxide
https://dsld.od.nih.gov/label/8249,8249,Liquid Vitamin D3,MCT Oil
https://dsld.od.nih.gov/label/8271,8271,Niacin 250 mg Sustained Release,Dicalcium Phosphate; Hydroxypropyl Methylcellulose; Stearic Acid (C18:0); Magnesium Stearate; Silicon Dioxide (SiO2)
https://dsld.od.nih.gov/label/8272,8272,Niacin 250 mg Sustained Release,Dicalcium Phosphate; Hydroxypropyl Methylcellulose; Stearic Acid (C18:0); Magnesium Stearate; Silicon Dioxide (SiO2); Titanium Dioxide; Triacetin; Talc
https://dsld.od.nih.gov/label/8279,8279,Vitamin B6 100 mg,Dicalcium Phosphate; Vegetable Cellulose; Stearic Acid (C18:0); Silica; Magnesium Stearate
https://dsld.od.nih.gov/label/8280,8280,Sustained Release Vitamin B-12,Dicalcium Phosphate; Stearic Acid (C18:0); Microcrystalline Cellulose; Magnesium Stearate; Hydroxypropyl Methylcellulose; Triacetin; hydrogenated Cottonseed oil; Silicon Dioxide (SiO2); Aqueous Film Coating (Hydroxypropyl Methylcellulose; Polyethylene Glycol; purified Water)
https://dsld.od.nih.gov/label/8281,8281,Sustained Release Vitamin B-12,Dicalcium Phosphate; Stearic Acid (C18:0); Microcrystalline Cellulose; Magnesium Stearate; Hydroxypropyl Methylcellulose; Triacetin; hydrogenated Cottonseed oil; Silicon Dioxide (SiO2); Aqueous Film Coating (Hydroxypropyl Methylcellulose; Polyethylene Glycol; purified Water)
https://dsld.od.nih.gov/label/8286,8286,Vitamin D 1000 IU,Gelatin; Rice Flour; Magnesium Stearate
https://dsld.od.nih.gov/label/8298,8298,Vitamin C 250 mg,Fructose; Stearic Acid (C18:0); Magnesium Stearate; Sucralose; Hydroxypropyl Methylcellulose; Citric Acid; BHT (butylated hydroxytoluene); natural orange; tangerine and vanilla flavors
https://dsld.od.nih.gov/label/8303,8303,Sustained Release Vitamin C 500 mg,Gelatin; Pharmaceutical Glaze; Tricalcium Phosphate; Magnesium Stearate; Ethylcellulose; Stearic Acid (C18:0); Potassium Chloride
https://dsld.od.nih.gov/label/8306,8306,Vitamin C As Ascorbic Acid 1000 mg,Microcrystalline Cellulose; Stearic Acid (C18:0); Magnesium Stearate; Water; Hydroxypropyl Methylcellulose; Polyethylene Glycol; Titanium Dioxide
https://dsld.od.nih.gov/label/8323,8323,Vitamin C & Natural E Softcaps,Gelatin; Glycerin; Soybean Oil; beeswax/soybean oil mixture; Lecithin; Caramel color
https://dsld.od.nih.gov/label/8330,8330,Vitamin E 100 IU,Gelatin; Vegetable Glycerin; Soybean Oil; purified Water
https://dsld.od.nih.gov/label/8335,8335,Vitamin E 400 IU,Gelatin; Glycerin; Soybean Oil; purified Water
https://dsld.od.nih.gov/label/8357,8357,Super B Sustained Release,Dicalcium Phosphate; Hydroxypropyl Methylcellulose; Stearic Acid (C18:0); Magnesium Stearate; Silica
https://dsld.od.nih.gov/label/8482,8482,Natural Vitamins A & D,Soybean Oil; Gelatin; Glycerin; skipjack liver oil; Fish Liver Oil; purified Water; phytosterols
https://dsld.od.nih.gov/label/8517,8517,Shot-of-Energy,Mannitol; crospovidon; Beet juice color; Natural flavor; Vegetable Magnesium Stearate; Sucralose
https://dsld.od.nih.gov/label/8529,8529,Sustained Release Niacin 500 mg,Dicalcium Phosphate; methocel K4M (Hypromellose); Stearic Acid (C18:0); Silicon Dioxide (SiO2); Magnesium Stearate; hydrogenated Vegetable Oil; Hydroxypropyl Methylcellulose
https://dsld.od.nih.gov/label/8548,8548,Clear Softgel Vitamin E,Gelatin; Glycerin; Soybean Oil; purified Water
https://dsld.od.nih.gov/label/8549,8549,Red Softgel Vitamin A,Gelatin; Soybean Oil; Soy Lecithin; Glycerin; yellow Beeswax; purified Water
https://dsld.od.nih.gov/label/8596,8596,Natural Vitamin E 200 IU,Soybean Oil; Gelatin; Glycerin; purified Water
https://dsld.od.nih.gov/label/8600,8600,Vitamin E with Tocotrienols,
https://dsld.od.nih.gov/label/8718,8718,Vitamin C 1000 mg Supplement,Ascorbic Acid; Corn Starch; Cellulose Gel; Hydroxypropyl Cellulose; Hydroxypropyl Methylcellulose; Polyethylene Glycol
https://dsld.od.nih.gov/label/8721,8721,Super B-Complex Supplement With Vitamin C,Dibasic Calcium Phosphate; Ascorbic Acid; Thiamine Mononitrate; Dried Yeasts; Cellulose Gel; Niacinamide; Croscarmellose Sodium; Hydroxypropyl Methylcellulose; Calcium D-Pantothenate (Ca D-Pantothenate; Ca Pantothenate; Calcium Pantothenate); Magnesium Stearate; Pyridoxine Hydrochloride (Pyridoxine HCl); Polyethylene Glycol; Cyanocobalamin
https://dsld.od.nih.gov/label/8722,8722,Vitamin C 500 mg Supplement,Ascorbic Acid; Cellulose Gel; Corn Starch; Rose Hips; Hydroxypropyl Cellulose; Stearic Acid (C18:0); Magnesium Stearate; Silicon Dioxide (SiO2)
https://dsld.od.nih.gov/label/8723,8723,Vitamin C 500 mg Supplement,Ascorbic Acid; Corn Starch; Cellulose Gel; Hydroxypropyl Cellulose; Stearic Acid (C18:0); Magnesium Stearate; Silicon Dioxide (SiO2)
https://dsld.od.nih.gov/label/8730,8730,Vitamin E 400 IU Supplement,DL-Alpha-Tocopheryl Acetate; Gelatin; Glycerin; Water
https://dsld.od.nih.gov/label/8740,8740,Ultra Carotenoids,d. saline; Chlorella; Spirulina; Cellulose; Gelatin; Vegetable Stearate
https://dsld.od.nih.gov/label/8749,8749,B-Complex Supplement With Vitamin C,Ascorbic Acid; Cellulose Gel; Niacinamide; Hydroxypropyl Methylcellulose; Thiamine Mononitrate; Calcium D-Pantothenate (Ca D-Pantothenate; Ca Pantothenate; Calcium Pantothenate); Croscarmellose Sodium; Pyridoxine Hydrochloride (Pyridoxine HCl); Magnesium Stearate; Polyethylene Glycol
https://dsld.od.nih.gov/label/8750,8750,Vitamin E 200 IU Supplement,DL-Alpha-Tocopheryl Acetate; Gelatin; Glycerin; Water
https://dsld.od.nih.gov/label/8755,8755,Vitamin E 200 IU Supplement,D-Alpha-Tocopherol; Gelatin; Glycerin; Water; Mixed Tocopherol concentrate; Soybean Oil
https://dsld.od.nih.gov/label/8756,8756,Pyridoxal-5-Phosphate,Cellulose; Gelatin; Vegetable Stearate
https://dsld.od.nih.gov/label/8759,8759,Vitamin E 400 IU Supplement,DL-Alpha-Tocopheryl Acetate; Gelatin; Glycerin; Water
https://dsld.od.nih.gov/label/8781,8781,Vitamin C 500 mg Supplement,Ascorbic Acid; Corn Starch; Cellulose Gel; Hydroxypropyl Cellulose; Stearic Acid (C18:0); Magnesium Stearate; Silicon Dioxide (SiO2)
https://dsld.od.nih.gov/label/8795,8795,Super B-Complex Supplement With Vitamin C,Dibasic Calcium Phosphate; Ascorbic Acid; Thiamine Mononitrate; Dried Yeasts; Cellulose Gel; Niacinamide; Croscarmellose Sodium; Calcium D-Pantothenate (Ca D-Pantothenate; Ca Pantothenate; Calcium Pantothenate); Hydroxypropyl Methylcellulose; Magnesium Stearate; Pyridoxine Hydrochloride (Pyridoxine HCl); Polyethylene Glycol; Cyanocobalamin
https://dsld.od.nih.gov/label/8799,8799,Super B-Complex Supplement With Vitamin C,Dibasic Calcium Phosphate; Ascorbic Acid; Thiamine Mononitrate; Dried Yeasts; Cellulose Gel; Niacinamide; Croscarmellose Sodium; Calcium D-Pantothenate (Ca D-Pantothenate; Ca Pantothenate; Calcium Pantothenate); Hydroxypropyl Methylcellulose; Magnesium Stearate; Pyridoxine Hydrochloride (Pyridoxine HCl); Polyethylene Glycol; Cyanocobalamin
https://dsld.od.nih.gov/label/8804,8804,Vitamin C 500 mg Supplement,Ascorbic Acid; Corn Starch; Cellulose Gel; Hydroxypropyl Cellulose; Stearic Acid (C18:0); Magnesium Stearate; Silicon Dioxide (SiO2)
https://dsld.od.nih.gov/label/8812,8812,Vitamin E 200 IU Supplement,DL-Alpha-Tocopheryl Acetate; Gelatin; Glycerin; Water
https://dsld.od.nih.gov/label/8814,8814,Vitamin E 400 IU Supplement,DL-Alpha-Tocopheryl Acetate; Gelatin; Glycerin; Water
https://dsld.od.nih.gov/label/8817,8817,Vitamin E 400 IU Supplement,DL-Alpha-Tocopheryl Acetate; Gelatin; Glycerin; Polysorbate 80; Water
https://dsld.od.nih.gov/label/8818,8818,Vitamin E 200 IU Supplement,D-Alpha-Tocopherol; Gelatin; Glycerin; Water; Mixed Tocopherol concentrate; Soybean Oil
https://dsld.od.nih.gov/label/8819,8819,Vitamin E 400 IU Supplement,D-Alpha-Tocopherol; Gelatin; Glycerin; Mixed Tocopherols; Water; Soybean Oil
https://dsld.od.nih.gov/label/8841,8841,Vitamin C 500 mg,Ascorbic Acid; Cellulose Gel; Corn Starch; Rose Hips; Hydroxypropyl Cellulose; Stearic Acid (C18:0); Magnesium Stearate; Silicon Dioxide (SiO2)
https://dsld.od.nih.gov/label/8843,8843,Vitamin C 1000 mg,Ascorbic Acid; Cellulose Gel; Corn Starch; Rose Hips; Hydroxypropyl Cellulose; Stearic Acid (C18:0); Hydroxypropyl Methylcellulose; Magnesium Stearate; Silicon Dioxide (SiO2); Polyethylene Glycol
https://dsld.od.nih.gov/label/8850,8850,Vitamin B-1 100 mg Supplement,Dibasic Calcium Phosphate; Thiamine Hydrochloride (Thiamine HCl); Cellulose Gel; Hydroxypropyl Methylcellulose; Magnesium Stearate
https://dsld.od.nih.gov/label/8851,8851,Vitamin B-6 50 mg,Dibasic Calcium Phosphate; Pyridoxine Hydrochloride (Pyridoxine HCl); Cellulose Gel; Croscarmellose Sodium; Magnesium Stearate
https://dsld.od.nih.gov/label/8854,8854,Vitamin B-12 250 mcg Supplement,Dibasic Calcium Phosphate; Cellulose Gel; Stearic Acid (C18:0); Croscarmellose Sodium; Magnesium Stearate; Cyanocobalamin
https://dsld.od.nih.gov/label/8856,8856,Vitamin E 400 IU Supplement,D-Alpha-Tocopherol; Gelatin; Glycerin; Mixed Tocopherols; Water; Soybean Oil
https://dsld.od.nih.gov/label/8860,8860,Beta Carotene,Corn Oil; Gelatin; Soybean Oil; Glycerin; Beta-Carotene; Water
https://dsld.od.nih.gov/label/8883,8883,Bio-Plus Biotin With Folic Acid,Cellulose; Gelatin; Vegetable Stearate
https://dsld.od.nih.gov/label/8900,8900,Super B-Complex Supplement With Vitamin C,Dibasic Calcium Phosphate; Ascorbic Acid; Thiamine Mononitrate; Dried Yeasts; Cellulose Gel; Niacinamide; Croscarmellose Sodium; Calcium D-Pantothenate (Ca D-Pantothenate; Ca Pantothenate; Calcium Pantothenate); Hydroxypropyl Methylcellulose; Magnesium Stearate; Pyridoxine Hydrochloride (Pyridoxine HCl); Polyethylene Glycol; Cyanocobalamin
https://dsld.od.nih.gov/label/8903,8903,B-Complex Supplement With Vitamin C,Ascorbic Acid; Cellulose Gel; Niacinamide; Hydroxypropyl Methylcellulose; Thiamine Mononitrate; Calcium D-Pantothenate (Ca D-Pantothenate; Ca Pantothenate; Calcium Pantothenate); Croscarmellose Sodium; Pyridoxine Hydrochloride (Pyridoxine HCl); Magnesium Stearate; Polyethylene Glycol
https://dsld.od.nih.gov/label/8904,8904,Super B-Complex Supplement With Vitamin C,Dibasic Calcium Phosphate; Ascorbic Acid; Thiamine Mononitrate; Dried Yeasts; Cellulose Gel; Niacinamide; Croscarmellose Sodium; Corn Starch; Calcium D-Pantothenate (Ca D-Pantothenate; Ca Pantothenate; Calcium Pantothenate); Hydroxypropyl Methylcellulose; Magnesium Stearate; Pyridoxine Hydrochloride (Pyridoxine HCl); Polyethylene Glycol; Cyanocobalamin
https://dsld.od.nih.gov/label/8906,8906,Super B-Complex Supplement With Vitamin C,Dibasic Calcium Phosphate; Ascorbic Acid; Thiamine Mononitrate; Dried Yeasts; Cellulose Gel; Niacinamide; Croscarmellose Sodium; Hydroxypropyl Methylcellulose; Calcium D-Pantothenate (Ca D-Pantothenate; Ca Pantothenate; Calcium Pantothenate); Magnesium Stearate; Pyridoxine Hydrochloride (Pyridoxine HCl); Polyethylene Glycol; Cyanocobalamin
https://dsld.od.nih.gov/label/8918,8918,Vitamin E 400 IU Supplement,DL-Alpha-Tocopheryl Acetate; Gelatin; Glycerin; Water
https://dsld.od.nih.gov/label/8922,8922,Sublingual - 12 Plus,Mannitol/fructose complex; Cellulose; Cherry flavor; Vegetable Stearate; Silica
https://dsld.od.nih.gov/label/8958,8958,Vitamin E 800 IU Supplement,D-Alpha-Tocopherol; Gelatin; Glycerin; Water; Mixed Tocopherol concentrate; Soybean Oil
https://dsld.od.nih.gov/label/8960,8960,Vitamin C 250 mg Supplement,Ascorbic Acid; Corn Starch; Cellulose Gel; Hydroxypropyl Cellulose
https://dsld.od.nih.gov/label/8961,8961,Vitamin C 500 mg,Ascorbic Acid; Corn Starch; Cellulose Gel; Hydroxypropyl Cellulose; Stearic Acid (C18:0); Magnesium Stearate; Silicon Dioxide (SiO2)
https://dsld.od.nih.gov/label/8962,8962,Vitamin C 500 mg,Ascorbic Acid; Corn Starch; Cellulose Gel; Hydroxypropyl Cellulose; Stearic Acid (C18:0); Magnesium Stearate; Silicon Dioxide (SiO2)
https://dsld.od.nih.gov/label/8963,8963,Vitamin C 500 mg,Ascorbic Acid; Corn Starch; Cellulose Gel; Hydroxypropyl Cellulose; Stearic Acid (C18:0); Magnesium Stearate; Silicon Dioxide (SiO2)
https://dsld.od.nih.gov/label/8965,8965,Vitamin C 1000 mg,Ascorbic Acid; Corn Starch; Cellulose Gel; Hydroxypropyl Cellulose; Hydroxypropyl Methylcellulose; Polyethylene Glycol
https://dsld.od.nih.gov/label/8966,8966,Vitamin C 1000 mg,Ascorbic Acid; Corn Starch; Cellulose Gel; Hydroxypropyl Cellulose; Stearic Acid (C18:0); Hydroxypropyl Methylcellulose; Magnesium Stearate; Silicon Dioxide (SiO2); Polyethylene Glycol
https://dsld.od.nih.gov/label/9073,9073,Natural Vitamin A Emulsified,Fish Liver Oil; Gelatin; lecithin (soya); Water
https://dsld.od.nih.gov/label/9074,9074,A-Potene 10,Gelatin; carrot oil; Water
https://dsld.od.nih.gov/label/9077,9077,Beta-Carotene Dry Capsules,Gelatin
https://dsld.od.nih.gov/label/9085,9085,Beta-Carotene Dry Capsules,Gelatin
https://dsld.od.nih.gov/label/9090,9090,Stress-Plex,Gelatin; Cellulose; Vegetable Stearate
https://dsld.od.nih.gov/label/9095,9095,Vitamin B-12 50 mcg,Cellulose; Vegetable Stearate; Silica
https://dsld.od.nih.gov/label/9097,9097,Soya Free E-200,Gelatin; Water
https://dsld.od.nih.gov/label/9098,9098,Natural Vitamin E 200 IU,Gelatin; Water
https://dsld.od.nih.gov/label/9109,9109,Orange-Chew 250 mg Chewable Vitamin C,Ascorbic Acid; Sodium Ascorbate; Fructose; Cellulose; orange flavor complex; Silica; Sorbitol; Vegetable Stearate
https://dsld.od.nih.gov/label/9115,9115,Vitamin D 400 IU Supplement,Calcium Carbonate (Ca Carbonate; CaCO3); Cellulose Gel; Stearic Acid (C18:0); Acacia; Maltodextrin; Croscarmellose Sodium; Magnesium Stearate; Corn Starch; Vitamin D3 (Cholecalciferol)
https://dsld.od.nih.gov/label/9121,9121,E-1000 Natural Vitamin E,Gelatin; lecithin (soya); Water
https://dsld.od.nih.gov/label/9130,9130,Vitamin E 400 IU Supplement,D-Alpha-Tocopherol; Gelatin; Glycerin; Mixed Tocopherol concentrate; Water; Soybean Oil
https://dsld.od.nih.gov/label/9154,9154,Niacin T.R. 400 mg,Cellulose; Gelatin
https://dsld.od.nih.gov/label/9160,9160,Cotrienol DG,Soy Lecithin; Rice Bran Oil; Gelatin; purified Water; Glycerin
https://dsld.od.nih.gov/label/9161,9161,Niacin T.R. 400 mg,Cellulose; Gelatin
https://dsld.od.nih.gov/label/9162,9162,Hi Potency Gamma Tocopherol With Vitamin E,Gelatin; Vegetable Glycerin; Soybean Oil; purified Water
https://dsld.od.nih.gov/label/9164,9164,Hi Potency Gamma Tocopherol With Vitamin E,Gelatin; Vegetable Glycerin; Soybean Oil; purified Water
https://dsld.od.nih.gov/label/9186,9186,Vitamin B-12 500 mg Supplement,Dibasic Calcium Phosphate; Cellulose Gel; Stearic Acid (C18:0); Croscarmellose Sodium; Magnesium Stearate; Cyanocobalamin
https://dsld.od.nih.gov/label/9190,9190,Vitamin B-6 100 mg Supplement,Pyridoxine Hydrochloride (Pyridoxine HCl); Dibasic Calcium Phosphate; Cellulose Gel; Croscarmellose Sodium; Stearic Acid (C18:0); Magnesium Stearate
https://dsld.od.nih.gov/label/9191,9191,Folic Acid 400 mcg Supplement,Dibasic Calcium Phosphate; Croscarmellose Sodium; Magnesium Stearate
https://dsld.od.nih.gov/label/9193,9193,Vitamin D 400 IU Supplement,Calcium Carbonate (Ca Carbonate; CaCO3); Cellulose Gel; Stearic Acid (C18:0); Acacia; Maltodextrin; Croscarmellose Sodium; Magnesium Stearate; Corn Starch; Vitamin D3 (Cholecalciferol)
https://dsld.od.nih.gov/label/9196,9196,Beta Carotene Supplement,Corn Oil; Gelatin; Soybean Oil; Glycerin; Beta-Carotene; Water
https://dsld.od.nih.gov/label/9197,9197,Vitamin E 400 IU Supplement,DL-Alpha-Tocopheryl Acetate; Gelatin; Glycerin; Polysorbate 80; Water
https://dsld.od.nih.gov/label/9200,9200,Super B-Complex Supplement With Vitamin C,Dibasic Calcium Phosphate; Ascorbic Acid; Thiamine Mononitrate; Dried Yeasts; Cellulose Gel; Niacinamide; Croscarmellose Sodium; Corn Starch; Calcium D-Pantothenate (Ca D-Pantothenate; Ca Pantothenate; Calcium Pantothenate); Hydroxypropyl Methylcellulose; Magnesium Stearate; Pyridoxine Hydrochloride (Pyridoxine HCl); Polyethylene Glycol; Cyanocobalamin
https://dsld.od.nih.gov/label/9201,9201,TRC 500 Timed-Release Vitamin C,Cellulose; Gelatin; Water
https://dsld.od.nih.gov/label/9216,9216,Tri-Niacin 250 mg Sustained Release Niacin,Cellulose; Gelatin
https://dsld.od.nih.gov/label/9219,9219,B-12 500 mcg Vitamin B-12 Tablet,Cellulose; Vegetable Stearate; Silica
https://dsld.od.nih.gov/label/9237,9237,Vitamin C Ester Ascorbyl Palmitate,Rice Flour; Microcrystalline Cellulose (Plant Fiber); Silica
https://dsld.od.nih.gov/label/9247,9247,Chewable Vitamin C 500 mg Supplement Natural Orange Flavor,Dextrose; Sodium Ascorbate; Ascorbic Acid; Natural Orange flavors; Magnesium Stearate; Corn Starch; Aspartame; Yellow 6 Lake
https://dsld.od.nih.gov/label/9279,9279,Numark Multivitamins,Soybean Oil; Gelatin; Ascorbic Acid; Glycerin; Niacinamide; DL-Alpha-Tocopheryl Acetate; Water; Calcium Pantothenate (Ca Pantothenate); Vitamin A Palmitate; Lecithin; Beeswax; Thiamine Mononitrate; Ethyl Vanillin; Pyridoxine Hydrochloride (Pyridoxine HCl); Titanium Dioxide; carob liquid
https://dsld.od.nih.gov/label/9302,9302,Orange-Chew 500 mg,Sodium Ascorbate; Ascorbic Acid; Fructose; Cellulose; orange flavor complex; Silica; Sorbitol; Vegetable Stearate
https://dsld.od.nih.gov/label/9307,9307,Orange-Chew 500 mg,Sodium Ascorbate; Ascorbic Acid; Fructose; Cellulose; orange flavor complex; Silica; Sorbitol; Vegetable Stearate
https://dsld.od.nih.gov/label/9312,9312,Orange-Chew 500 mg,Sodium Ascorbate; Ascorbic Acid; Fructose; Cellulose; orange flavor complex; Silica; Sorbitol; Vegetable Stearate
https://dsld.od.nih.gov/label/9321,9321,Pyridoxine-250,Cellulose; Gelatin; Vegetable Stearate
https://dsld.od.nih.gov/label/9323,9323,Pyridoxine-250,Cellulose; Gelatin; Vegetable Stearate
https://dsld.od.nih.gov/label/9330,9330,Vitamin C 500 mg Orange Chewable,Fructose; Sorbitol; natural Orange flavor; Orange juice crystals; microcrystalline cellulose magnesium stearate; Silica; natural Tangerine flavor; natural Pineapple flavor
https://dsld.od.nih.gov/label/9333,9333,Folic Acid With B-12 800 mcg,Magnesium Stearate; Cellulose; Vegetable Stearin; Dicalcium Phosphate; Silica
https://dsld.od.nih.gov/label/9335,9335,Vitamin E (Mixed Tocopherols) 400 IU,Gelatin; Glycerin; Water; May contain (Beeswax; Soybean Oil)
https://dsld.od.nih.gov/label/9359,9359,D-5000 5000 IU,Cellulose; Vegetable Stearate; Silica
https://dsld.od.nih.gov/label/9366,9366,vitamins A & D 10/4 (F.L. Oil),Capsules (Gelatin; Glycerin; Water); May contain (Beeswax; Soybean Oil)
https://dsld.od.nih.gov/label/9369,9369,B12 Vitamin 1000 mcg,Mannitol; Sorbitol; Dextrose; Sucrose; natural Cherry flavor; May contain one or more of the following (Cellulose; Magnesium Stearate; Silica; Vegetable Stearin)
https://dsld.od.nih.gov/label/9378,9378,Niacin 100 mg Nicotinic Acid,Cellulose; Vegetable Stearate; Silica
https://dsld.od.nih.gov/label/9408,9408,A-Potene 25,Carrot Oil; Gelatin; natural Glycerin; Water
https://dsld.od.nih.gov/label/9565,9565,Folic Acid,Microcrystalline Cellulose (Plant Fiber); Rice Flour; Ascorbyl Palmitate; Silica
https://dsld.od.nih.gov/label/9636,9636,ATP Cofactors Vitamins B-2 and B-3,Micosolle(R); Microcrystalline Cellulose; Stearic Acid (C18:0); Silicon Dioxide (SiO2); Croscarmellose Sodium; Magnesium Stearate; Pharmaceutical Glaze
https://dsld.od.nih.gov/label/9655,9655,Vitamin B-6 300 mg,Calcium Phosphate (Ca Phosphate); Calcium Stearate; Cellulose; Silica; Stearic Acid (C18:0)
https://dsld.od.nih.gov/label/9825,9825,Beta-A-Plus,Cellulose; Gelatin; Vegetable Stearate
https://dsld.od.nih.gov/label/9956,9956,Vitamin D3 2000 IU,Microcrystalline Cellulose (Plant Fiber); Rice Flour; Ascorbyl Palmitate; Silica
https://dsld.od.nih.gov/label/9998,9998,Natural Vitamin E Complex 400 IU,Soybean Oil; Gelatin; Water; Glycerin
https://dsld.od.nih.gov/label/10017,10017,Animal Shapes Kids' First,Sucrose; Sodium Ascorbate; Monoglycerides and Diglycerides; Ascorbic Acid; Gelatin; Mannitol; Maltodextrin; DL-Alpha-Tocopheryl Acetate; Silicon Dioxide (SiO2); Niacinamide; Stearic Acid (C18:0); Corn Starch; Natural and Artificial Flavors (Artificial Pineapple; Natural & Artificial Cherry; Natural & Artificial Fruit Punch; Natural Orange); Magnesium Stearate; Red 40 Lake; Pyridoxine Hydrochloride (Pyridoxine HCl); Riboflavin; Yellow 6 Lake; Thiamine Mononitrate; Beta-Carotene; Mono Ammonium Glycyrrhizinate; Blue 2 Lake; Vitamin A Acetate; Dicalcium Phosphate; Lactose; Ethylmaltol; Ergocalciferol; Cyanocobalamin
https://dsld.od.nih.gov/label/10018,10018,Multiple Vitamins Essential,Calcium Carbonate (Ca Carbonate; CaCO3); Ascorbic Acid; Gelatin; DL-Alpha-Tocopheryl Acetate; Niacinamide; Cellulose; Calcium D-Pantothenate (Ca D-Pantothenate; Ca Pantothenate; Calcium Pantothenate); Croscarmellose Sodium; Silicon Dioxide (SiO2); Acacia; Dextrin; Hypromellose; Crospovidone; Corn Starch; Stearic Acid (C18:0); Pyridoxine Hydrochloride (Pyridoxine HCl); Polyethylene Glycol; Red 40 Lake; Magnesium Stearate; Riboflavin; Thiamine Mononitrate; Vitamin A Acetate; Dextrose; Resin; Titanium Dioxide; Soy Lecithin; Beta-Carotene; Blue 2 Lake; Ergocalciferol; Cyanocobalamin
https://dsld.od.nih.gov/label/10081,10081,Vitamin C 1000 mg (Corn Free),Ascorbic Acid; Cellulose; Vegetable Stearate; Silica
https://dsld.od.nih.gov/label/10084,10084,Vitamin C Fine Powder USP,
https://dsld.od.nih.gov/label/10112,10112,Multi-E-400 Natural (Dry),Cellulose; Gelatin; Silica; Vegetable Stearate
https://dsld.od.nih.gov/label/10262,10262,Dicobalene-V Cherry Flavored,Unidex (Dextrose; Agglomerated); Beta-Cyclodextrin; Sodium starch glycolate; Magnesium Stearate; Naturally Sweet(TM) Cherry flavor; Silica
https://dsld.od.nih.gov/label/10326,10326,Super Sublingual B-12 Folate,Mannitol/sucrose complex; Cellulose; Cherry flavor; Vegetable Stearate; Silica
https://dsld.od.nih.gov/label/10485,10485,Aqua-E Water-Soluble Vitamin E Tocopherols + Tocotrienols,Water; d-alpha-tocopheryl polyethylene glycol-1000 succinate (TPGS); Potassium Sorbate; Sorbic Acid; Linoleic Acid (C18:2n-6; LA)
https://dsld.od.nih.gov/label/10486,10486,Aqua-E Water-Soluble Vitamin E Tocopherols + Tocotrienols,Water; d-alpha-tocopheryl polyethylene glycol-1000 succinate (TPGS); Potassium Sorbate; Sorbic Acid; Linoleic Acid (C18:2n-6; LA)
https://dsld.od.nih.gov/label/10596,10596,B-Sure Complex,Cellulose; Vegetable Stearate; Silica
https://dsld.od.nih.gov/label/10709,10709,D-Sorb With Vesisorb Technology,Cellulose; Medium Chain Triglycerides; Polysorbate 80; Sucrose Fatty Acid Ester; Fatty Acids; Vitamin E (DL-Alpha-Tocopherol); Silica
https://dsld.od.nih.gov/label/10854,10854,Vitamin E,Soybean Oil; Gelatin; Glycerin; Water
https://dsld.od.nih.gov/label/11039,11039,Beta Carotene 25000 IU,refined Soybean Oil; Gelatin; Glycerin; purified Water
https://dsld.od.nih.gov/label/11068,11068,Chewable C-250,Sucrose; Stearic Acid (C18:0); Fructose; Sorbitol; Cellulose; Silicon Dioxide (SiO2); Magnesium Stearate; natural Orange flavor; Sucralose; FD&C Yellow #6
https://dsld.od.nih.gov/label/11208,11208,E-200,Gelatin; Glycerin; refined Soybean Oil; purified Water
https://dsld.od.nih.gov/label/11210,11210,Blended E-400,Gelatin; Glycerine; refined Soybean Oil
https://dsld.od.nih.gov/label/11213,11213,E-400,Gelatin; Glycerin; refined Soybean Oil; purified Water
https://dsld.od.nih.gov/label/11221,11221,Natural E-1000,refined Soybean Oil; Gelatin; Glycerin; purified Water
https://dsld.od.nih.gov/label/11446,11446,Liposomal Vitamin C Softgels,Phospholipids; Coconut Oil; Sesame Oil
https://dsld.od.nih.gov/label/11503,11503,Vital C Crystal Powder,
https://dsld.od.nih.gov/label/11643,11643,Zoo Friends with Xtra C,Sucrose; Sorbitol; Stearic Acid (C18:0); Silicon Dioxide (SiO2); Cellulose; Natural Flavors; Magnesium Stearate; Sucralose; Artificial Colors Added (FD&C Blue #2; FD&C Red #40; FD&C Yellow #6)
https://dsld.od.nih.gov/label/11756,11756,PrimAge 220,Magnesium Stearate; Gelatin
https://dsld.od.nih.gov/label/11762,11762,Folic Acid 800 mcg,Cellulose; Stearic Acid (C18:0); Magnesium Stearate
https://dsld.od.nih.gov/label/11819,11819,Vitamin E Mixed 400,Gelatin
https://dsld.od.nih.gov/label/11832,11832,Xobaline Methyl B-12 3,Maltodextrin; Fructose; Stearic Acid (C18:0); Croscarmelose Sodium; Magnesium Stearate; Silicon Dioxide (SiO2); Cherry flavor
https://dsld.od.nih.gov/label/11834,11834,Folic Acid Folate 5,Microcrystalline Cellulose; Gelatin
https://dsld.od.nih.gov/label/11836,11836,Biotin 5,Dicalcium Phosphate gr.; Croscarmelose Sodium; Stearic Acid (C18:0); Magnesium Stearate; Cellulose
https://dsld.od.nih.gov/label/11845,11845,Benfotiamine Lipid-soluble Vitamin B-1 150,Magnesium Stearate; Gelatin
https://dsld.od.nih.gov/label/12008,12008,Timed Release C - 1000 mg With Rose Hips,Di-Calcium Phosphate; Cellulose; Mag. Stearate; Stearic Acid (C18:0)
https://dsld.od.nih.gov/label/12016,12016,D3 2000 IU,Soybean Oil; Gelatin (Bovine); Glycerin; Corn Oil
https://dsld.od.nih.gov/label/12097,12097,Vitamin B1,Dicalcium Phosphate; Stearic Acid (C18:0); Silicon Dioxide (SiO2); Magnesium Stearate; Croscarmellose Sodium
https://dsld.od.nih.gov/label/12170,12170,Balanced B-100 Complex,Dicalcium Phosphate; Calcium D-Pantothenate (Ca D-Pantothenate; Ca Pantothenate; Calcium Pantothenate); Thiamine Mononitrate; Pyridoxine Hydrochloride (Pyridoxine HCl); Hypromellose; Riboflavin; Niacinamide; Cellulose; Stearic Acid (C18:0); Mannitol; Silica; Magnesium Stearate; Maltodextrin; Cellulose Coating; Cyanocobalamin; D-Biotin
https://dsld.od.nih.gov/label/12177,12177,Vitamin D 1000 IU,Dicalcium Phosphate; Microcrystalline Cellulose; Croscarmellose Sodium; Stearic Acid (C18:0); Magnesium Stearate; Cholecalciferol
https://dsld.od.nih.gov/label/12187,12187,Vitamin D 400 IU,Dicalcium Phosphate; Microcrystalline Cellulose; Croscarmellose Sodium; Stearic Acid (C18:0); Magnesium Stearate; Cholecalciferol
https://dsld.od.nih.gov/label/12232,12232,Timed Release Niacin 750 mg,Lactose; Hypromellose; Stearic Acid (C18:0); Titanium Dioxide; Magnesium Stearate; Magnesium Silicate; Triacetin; mineral oil; Sodium Lauryl Sulfate
https://dsld.od.nih.gov/label/12234,12234,Natural E-400 IU D-Alpha Tocopheryl,Gelatin; Soybean Oil; Vegetable Glycerin
https://dsld.od.nih.gov/label/12253,12253,Lutein,Vegetable oil; Gelatin; Glycerin; yellow Beeswax; Soy Lecithin
https://dsld.od.nih.gov/label/12272,12272,Vitamin D 400 IU,Soybean Oil; Gelatin; Glycerin; purified Water
https://dsld.od.nih.gov/label/12274,12274,Men's Essential Vitamins,Dicalcium Phosphate; Microcrystalline Cellulose; Stearic Acid (C18:0); Gelatin; Croscarmellose Sodium; Starch; Magnesium Stearate; Hypromellose; Silica; Magnesium Silicate; Sucrose; FD&C Red #40 Lake; Polyethylene Glycol; mineral oil; Polyvinylpyrrolidone; Sodium Ascorbate; Titanium Dioxide; Triglycerides; Mixed Tocopherols; Glucose; FD&C Yellow #6 Lake; Sodium Benzoate; Sorbic Acid; BHT
https://dsld.od.nih.gov/label/12382,12382,Ultra E,Rice Flour; Gelatin
https://dsld.od.nih.gov/label/12423,12423,A & D 10000 IU / 400 IU,Gelatin; Glycerin; Soybean Oil
https://dsld.od.nih.gov/label/12505,12505,Vitamin A&D 10000-400 IU,Microcrystalline Cellulose; Di-Calcium Phosphate; Stearic Acid (C18:0); Magnesium Stearate; lemon grass oil; Riboflavin; Pharmaceutical Glaze; Silica
https://dsld.od.nih.gov/label/12506,12506,Vitamin A 10000 IU,Soy Oil; Gelatin; Glycerin; purified Water
https://dsld.od.nih.gov/label/12581,12581,Liquid B Complex With Iron,Water; Honey; Blackstrap Molasses; Ginseng; Beet; fo-ti; gotu kola
https://dsld.od.nih.gov/label/12595,12595,Vitamin B-2 250 mg,Microcrystalline Cellulose; Hydroxypropyl Methylcellulose; Di-Calcium Phosphate; Stearic Acid (C18:0); Rice Bran; Magnesium Stearate; Pharmaceutical Glaze; Silica
https://dsld.od.nih.gov/label/12600,12600,Vitamin B-6 100 mg,Microcrystalline Cellulose; Silica; Rice Bran; Vegetable Cellulose; purified Water
https://dsld.od.nih.gov/label/12700,12700,High Potency Antioxidant Vitamin C 500 mg,Microcrystalline Cellulose; Silica; Vegetable Cellulose; purified Water
https://dsld.od.nih.gov/label/12768,12768,Vitamin E 200 IU,Soy Oil; Gelatin; Glycerin; purified Water
https://dsld.od.nih.gov/label/12864,12864,Super Nutri Mega Potency,Microcrystalline Cellulose; Dicalcium Phosphate; Gelatin; Soybean Oil; Silica; Rose Hips; Croscarmellose Sodium; Stearic Acid (C18:0); Magnesium Stearate; Calcium Sulfate (Ca Sulfate); Glycerine; Water; Pharmaceutical Glaze; Carnauba Wax; Hydroxypropyl Methylcellulose
https://dsld.od.nih.gov/label/12921,12921,Earth Sweet Chewable Vitamin B-12 & Folic Acid Natural Raspberry Flavor,natural Raspberry flavor; natural Strawberry flavor; EarthSweet (Cane Crystals; Juice Concentrates); Stearic Acid (C18:0); Vegetable Cellulose; Vegetable Magnesium Stearate
https://dsld.od.nih.gov/label/12953,12953,Allergy A & D3,Potato Starch; Rice Bran defatted extract; Gelatin; Silica; Magnesium Stearate; Medium Chain Triglycerides
https://dsld.od.nih.gov/label/13041,13041,Gummie Multi Vitamin Daily Formula,Glucose Syrup (Corn); Sucrose; Gelatin; Natural Flavors; Citric Acid; Lactic Acid; Color (Annatto; Carrot and Blueberry Juices; Turmeric); Fractionated Coconut Oil (Beeswax; Carnauba wax); Beeswax
https://dsld.od.nih.gov/label/13096,13096,E-400 100% Natural D-Alpha Tocopheryl,Vegetable Oil concentrate; Gelatin; Glycerin; Water
https://dsld.od.nih.gov/label/13100,13100,E-400 100% Natural Mixed Tocopherols,Vegetable Oil concentrate; Gelatin; Glycerin; Water
https://dsld.od.nih.gov/label/13132,13132,Biotin 5 mg,Dicalcium Phosphate; Gelatin; Stearic Acid (C18:0)
https://dsld.od.nih.gov/label/13167,13167,Timed Release B-100 B-Complex Vitamins,Calcium Sulfate (Ca Sulfate); Stearic Acid (C18:0); Calcium D-Pantothenate (Ca D-Pantothenate; Ca Pantothenate; Calcium Pantothenate); Niacinamide; Pyridoxine Hydrochloride (Pyridoxine HCl); Thiamine Mononitrate; Hydroxypropyl Methylcellulose; Microcrystalline Cellulose; Silicon Dioxide (SiO2); Choline Bitartrate; Inositol; Para Amino Benzoic Acid; Magnesium Stearate; Silicon Dioxide; Colloidal; Brewer's Yeast powder; Folic Acid; Polyethylene Glycol; Carnauba Wax; Cyanocobalamin; Talc; Alfalfa powder; Watercress powder
https://dsld.od.nih.gov/label/13185,13185,Forever B12 Plus,Dextrose; Dicalcium Phosphate; Hydroxypropyl Methylcellulose; Microcrystalline Cellulose; Stearic Acid (C18:0); Silica; Magnesium Stearate
https://dsld.od.nih.gov/label/13246,13246,Fast Acting Liquid Vitamin D3 Tropical Blend,purified Water; natural Vegetable Glycerin; Natural Flavors; Citric Acid; Sodium Citrate; Potassium Sorbate
https://dsld.od.nih.gov/label/13267,13267,Cod Liver Oil Vitamin A & D Supplement,Cod Liver Oil
https://dsld.od.nih.gov/label/13269,13269,D3 400 IU,Soybean Oil; Gelatin; Glycerin
https://dsld.od.nih.gov/label/13331,13331,Biotin 1000 mcg Natural Orange Flavoring,Sorbitol; natural Orange flavoring; Cellulose; Silica; Magnesium Stearate; Natural Carotene Coloring
https://dsld.od.nih.gov/label/13390,13390,Vitamin B-1,Whole Food Base (Whole Rice Concentrate); Gelatin Capsule; Magnesium Stearate
https://dsld.od.nih.gov/label/13421,13421,Maxi Baby Care,purified Water; Glycerin; Fructose; mixed fruit concentrate (Peach; Pear; Pineapple); Citric Acid; natural Raspberry flavor; Xanthan Gum; Potassium Sorbate; Sodium Benzoate
https://dsld.od.nih.gov/label/13460,13460,Vitamin B3 Niacin 1000 mg,Gelatin; Vegetable Stearate
https://dsld.od.nih.gov/label/13467,13467,Liquid Vitamin D3 5000 IU,Sunflower seed Oil; natural Orange flavor; Vegetable oil
https://dsld.od.nih.gov/label/13471,13471,Vitamin D3 2000 IU Liquid Emulsion,Vegetable Glycerin; deionized Water
https://dsld.od.nih.gov/label/13571,13571,Biotin,
https://dsld.od.nih.gov/label/13745,13745,Natural Vitamin E 100 IU,Gelatin; Glycerin; Medium Chain Triglycerides; purified Water
https://dsld.od.nih.gov/label/13746,13746,Natural Vitamin E 200 IU,Gelatin; Glycerin; Medium Chain Triglycerides; purified Water
https://dsld.od.nih.gov/label/13747,13747,Natural VItamin E 400 IU,Gelatin; Glycerin; Medium Chain Triglycerides; purified Water
https://dsld.od.nih.gov/label/13748,13748,Natural Vitamin E 1000 IU,Gelatin; Glycerin; purified Water; Soybean Oil
https://dsld.od.nih.gov/label/13749,13749,Natural Dry Vitamin E 400 IU,Cellulose; Magnesium Silicate; Calcium Silicate; Silica; Cellulose & Glycerin Coating; Magnesium Stearate; Vegetable Glaze
https://dsld.od.nih.gov/label/13750,13750,Natural E-Complex 400 IU With Mixed Tocopherols,Gelatin; Glycerin; purified Water
https://dsld.od.nih.gov/label/13776,13776,Vitamin D3 2500 IU,Medium Chain Triglycerides; Capsule shell (Gelatin; Glycerin; purified Water)
https://dsld.od.nih.gov/label/13803,13803,Cap C-500 500 mg,Cellulose; Stearic Acid (C18:0); Silica; Cellulose
https://dsld.od.nih.gov/label/13807,13807,Vitamin D (Ergocalciferol Capsules USP) 1.25 mg (50000 USP Units),2-Ethoxyethanol; FD&C Blue #1; FD&C Yellow #5; Gelatin; Glycerin; Lecithin; Medium Chain Triglyceride; purified Water; Shellac glaze IN SD-45; Simethicone; Soybean Oil; Titanium Dioxide
https://dsld.od.nih.gov/label/13838,13838,Vitamin D-3 1000 IU,Olive Oil; Softgel Capsule (Gelatin; Glycerin; Water)
https://dsld.od.nih.gov/label/13885,13885,Maxi Baby-C Natural Cherry Flavor,purified Water; Glycerin; Brown Rice syrup; white sorghum syrup; mixed fruit concentrate (Peach; Pear; Pineapple); natural Cherry flavor; Citric Acid; Apple Pectin; Xanthan Gum; Potassium Sorbate; Sodium Benzoate
https://dsld.od.nih.gov/label/13892,13892,Vitamin C Crystals,Cellulose
https://dsld.od.nih.gov/label/13926,13926,Folic Acid 400 mcg USP,
https://dsld.od.nih.gov/label/14077,14077,Natural Vitamin A & D3 10000 IU/400 IU,Medium Chain Triglycerides; Gelatin; Glycerin; purified Water
https://dsld.od.nih.gov/label/14080,14080,Vitamin B1 100 mg,Cellulose; Stearic Acid (C18:0); Silica; Magnesium Stearate; Vegetable Glaze
https://dsld.od.nih.gov/label/14238,14238,Niacinamide 500 mg,Cellulose; Stearic Acid (C18:0); Cellulose & Glycerin Coating; Magnesium Stearate; Silica; Vegetable Glaze
https://dsld.od.nih.gov/label/14247,14247,Pantothenic Acid 250 mg,Cellulose; Stearic Acid (C18:0); Cellulose & Glycerin Coating; Magnesium Stearate; Silica; Vegetable Glaze
https://dsld.od.nih.gov/label/14310,14310,E-1000,Softgel Capsule (Gelatin; Glycerin; Water); Vegetable Oil concentrate
https://dsld.od.nih.gov/label/14312,14312,E-1000,Softgel Capsule (Gelatin; Glycerin; Water); Vegetable Oil concentrate
https://dsld.od.nih.gov/label/14441,14441,Herbal Actives ImmunActin Throat Spray with Soothing Mint,purified Water; Polysorbate 20; Benzyl Alcohol; Exclusive Liposomal Herbal Complex (Echinacea; Elderberry; Ginger; Olive; Stevia); Sodium Benzoate; Potassium Sorbate; Wild Clover Honey; Lecithin; Flavors and Oil of Peppermint
https://dsld.od.nih.gov/label/14497,14497,Shot-O-B12 Liquid 5000 mcg,Water; Fructose; Vegetable Glycerin; Citric Acid; Xanthan Gum; natural Cherry flavor; Sodium Benzoate; Potassium Sorbate
https://dsld.od.nih.gov/label/14499,14499,Shot-O-B12 5000 mcg,Microcrystalline Cellulose; Vegetable Cellulose; purified Water
https://dsld.od.nih.gov/label/14500,14500,High Potency Chewable Lemon/LimeVitamin C Supplement 500 mg,Fructose; Natural flavors; Magnesium Stearate; Silica; natural colors; Lemon Bioflavonoids (Citrus limon); Rutin; Hesperidin; Acerola Cherry; Rose Hips; Papaya; green pepper extract (Capsicum annuum); Black Currant fruit concentrate; Dolomite; Stearic Acid (C18:0)
https://dsld.od.nih.gov/label/14530,14530,Vi-Stress,Microcrystalline Cellulose; Calcium Sulfate (Ca Sulfate); Croscarmellose Sodium; Stearic Acid (C18:0); Hypromellose; Talc; Vegetable Magnesium Stearate; Silicon Dioxide (SiO2); FD&C yellow #6; Titanium Dioxide; Polyethylene Glycol; Triacetin; Ethyl Vanillin; Carnauba Wax; Sorbic Acid; Sodium Benzoate; Sodium Citrate; Citric Acid; Dicalcium Phosphate Dihydrate
https://dsld.od.nih.gov/label/14549,14549,Polyvitamin Drops,purified Water; Polysorbate 80; Propylene Glycol; Glycerin; natural Cherry flavor; Potassium Sorbate; Sodium Benzoate
https://dsld.od.nih.gov/label/14569,14569,E-400 100% Natural Mixed Tocopherols,Softgel Capsule (Gelatin; Glycerin; Water); Vegetable Oil concentrate
https://dsld.od.nih.gov/label/14835,14835,Vitamin Liquid D3 Drops 200 IU Natural Orange Flavor,EFASorb(TM) EFA Absorption Complex (Lecithin; Lipid-digesting Minerals; Phosphatidylcholine; Phosphatidylserine); Safflower Oil; natural Orange oil
https://dsld.od.nih.gov/label/15252,15252,Vitamin B-12 Energy Booster Spearmint Flavor,purified Water; Vegetable Glycerin (Palm); Xylitol (Hardwood); citric acid (beet/cane); natural preservative (Potassium Sorbate); Quillaja saponaria extract; all natural Spearmint flavor
https://dsld.od.nih.gov/label/15272,15272,Vitamin C Powder,
https://dsld.od.nih.gov/label/15273,15273,D3 5000 IU,Gelatin Capsule; Rice Bran
https://dsld.od.nih.gov/label/15492,15492,Max D-3 Berry-Flavored,Mannitol; Fructose; Modified Cellulose; Citric Acid; Magnesium Vegetable Stearate; natural Berry flavor; stevia Reb-A; Natural color (Carmine); Silica
https://dsld.od.nih.gov/label/15513,15513,Esterified Vitamin C,Di-Calcium Phosphate; Stearic Acid (C18:0); Microcrystalline Cellulose; Magnesium Stearate; Silica; Pharmaceutical Glaze
https://dsld.od.nih.gov/label/15637,15637,Benfotiamine-V 150 mg,Microcrystalline Cellulose; Stearic Acid (C18:0); Hydroxypropyl Methylcellulose (HPMC)
https://dsld.od.nih.gov/label/15643,15643,Vitamin D 1000 IU,Soybean Oil; Gelatin; Glycerin; purified Water
https://dsld.od.nih.gov/label/15645,15645,Natural Vitamin E With Mixed Tocopherols,Gelatin; Glycerin; Soybean Oil; purified Water
https://dsld.od.nih.gov/label/15741,15741,Nail-Ex Biotin 2.5 mg,Di-Calcium Phosphate; Microcrystalline Cellulose; Croscarmellose Sodium; Stearic Acid (C18:0); Magnesium Stearate
https://dsld.od.nih.gov/label/16266,16266,Vital C Crystal Tablets,Microcrystalline Cellulose; Hydroxypropyl Methylcellulose; Hydroxypropyl Cellulose; Stearic Acid (C18:0); Magnesium Stearate; Silica; Di-Calcium Phosphate; Polyethylene Glycol
https://dsld.od.nih.gov/label/16712,16712,Vitamin D 400 IU Liquid Delicious Apple Peach Flavor,filtered Water; Apple concentrate; Natural flavors; Potassium Sorbate; Sodium Benzoate
https://dsld.od.nih.gov/label/16714,16714,Chewable Vitamin D 400 IU,Cane Sugar; Stearic Acid (C18:0); Natural flavors; Silica; Magnesium Stearate; Salt
https://dsld.od.nih.gov/label/16716,16716,Vitamin D 3000 IU Liquid Delicious Apple Peach Flavor,filtered Water; Apple concentrate; Natural flavors; Potassium Sorbate; Sodium Benzoate
https://dsld.od.nih.gov/label/16769,16769,Dr. Cutler's Ultimate D3 5000 IU,Hydroxypropylmethylcellulose; L-Leucine
https://dsld.od.nih.gov/label/16836,16836,Dr. Cutler's Vitamin B12 Methylcobalamin,purified Water; Glycerin; cranberry and cinnamon flavoring; Copper (Cu)
https://dsld.od.nih.gov/label/17029,17029,Bariatric Support D+K Dots Tangerine Flavor,Natural tangerine flavor; Microcrystalline Cellulose; Xylitol; Mannitol; Citric Acid; Silica; Magnesium Stearate
https://dsld.od.nih.gov/label/17030,17030,Bariatric Support B-12 Dots Cherry Flavor,Cellulose; Sorbitol; Croscarmellose Sodium; Magnesium Stearate; Silica; Cherry flavor; Malic Acid
https://dsld.od.nih.gov/label/17061,17061,Hi-Potency C 500 mg,Microcrystalline Cellulose; Stearic Acid (C18:0); Silicon Dioxide (SiO2); Magnesium Stearate
https://dsld.od.nih.gov/label/17068,17068,Vitamin D3 400 IU,Microcrystalline Cellulose; Dextrose; Stearic Acid (C18:0); Silicon Dioxide (SiO2)
https://dsld.od.nih.gov/label/17069,17069,Vitamin E 30 IU,Microcrystalline Cellulose; Dextrose; Stearic Acid (C18:0); Silicon Dioxide (SiO2); Magnesium Stearate
